timestamp,open,high,low,close,volume,close_time,quote_asset_volume,number_of_trades,taker_buy_base_asset_volume,taker_buy_quote_asset_volume,ignore
2024-01-22,6.81500000,6.84800000,6.29300000,6.34100000,8335532.94000000,1705967999999,54570902.11150000,151378,4058913.02000000,26568821.62879000,0
2024-01-23,6.34200000,6.45500000,5.97900000,6.36100000,7491685.08000000,1706054399999,46369574.99185000,133467,3836305.24000000,23743724.65138000,0
2024-01-24,6.36200000,6.54200000,6.26000000,6.46200000,4831265.54000000,1706140799999,30922131.93694000,87556,2567148.47000000,16428280.60046000,0
2024-01-25,6.46100000,6.57900000,6.34600000,6.43800000,3968963.16000000,1706227199999,25618185.03094000,76947,2124447.14000000,13714128.62522000,0
2024-01-26,6.43800000,6.73000000,6.36100000,6.67200000,5226941.00000000,1706313599999,34314904.02308000,82234,2844237.75000000,18659406.82347000,0
2024-01-27,6.67100000,6.75300000,6.53000000,6.66900000,3827612.45000000,1706399999999,25475777.78623000,55849,1804270.04000000,12006209.69621000,0
2024-01-28,6.66900000,6.87500000,6.56700000,6.87200000,5140566.57000000,1706486399999,34475266.02524000,81136,2730165.41000000,18317364.32044000,0
2024-01-29,6.87100000,7.29800000,6.70500000,7.03200000,9464149.78000000,1706572799999,65959353.79513000,143258,4716266.95000000,32865177.68386000,0
2024-01-30,7.03100000,7.08700000,6.82200000,6.83600000,5806026.21000000,1706659199999,40624292.72866000,98557,2842354.70000000,19897117.18352000,0
2024-01-31,6.83800000,6.88800000,6.58400000,6.65400000,5331313.42000000,1706745599999,36031075.31256000,102479,2727026.32000000,18439076.31117000,0
2024-02-01,6.65300000,6.81600000,6.53000000,6.79100000,3801576.85000000,1706831999999,25460624.49081000,69369,2050206.04000000,13732983.26349000,0
2024-02-02,6.79100000,7.02800000,6.76300000,6.94700000,3879893.39000000,1706918399999,26716625.79131000,67175,2077421.61000000,14299618.88010000,0
2024-02-03,6.94700000,7.01000000,6.81300000,6.82500000,2228612.10000000,1707004799999,15383212.24727000,44849,1074869.28000000,7420646.42590000,0
2024-02-04,6.82600000,6.82600000,6.64700000,6.66600000,1847358.83000000,1707091199999,12483445.76748000,40354,850037.65000000,5746869.81082000,0
2024-02-05,6.66600000,6.97600000,6.59200000,6.73700000,4053934.37000000,1707177599999,27603437.59634000,74232,2137251.64000000,14554688.61472000,0
2024-02-06,6.73700000,6.83200000,6.63900000,6.80700000,3262058.56000000,1707263999999,21983087.33998000,58111,1710781.60000000,11531210.46533000,0
2024-02-07,6.80600000,6.96600000,6.67100000,6.94100000,3978510.79000000,1707350399999,27163603.64775000,71771,2208745.37000000,15092727.42201000,0
2024-02-08,6.94100000,7.11000000,6.87000000,7.01300000,5636725.94000000,1707436799999,39374443.86237000,96589,3196397.88000000,22332699.58400000,0
2024-02-09,7.01400000,7.32900000,6.96000000,7.19600000,6703902.00000000,1707523199999,47880048.76024000,110098,3626446.06000000,25892098.62866000,0
2024-02-10,7.19700000,7.29000000,7.05900000,7.20000000,3362657.29000000,1707609599999,24151408.61195000,58901,1563250.42000000,11229271.54072000,0
2024-02-11,7.20000000,7.34200000,7.07700000,7.09900000,4140070.61000000,1707695999999,29876047.34122000,74020,2059430.22000000,14861727.90958000,0
2024-02-12,7.09900000,7.37700000,6.97800000,7.34000000,6638724.11000000,1707782399999,47756264.59443000,119442,3538219.33000000,25471127.82086000,0
2024-02-13,7.34000000,7.45000000,7.11100000,7.35300000,5806068.65000000,1707868799999,42408110.27971000,106417,2813760.58000000,20555767.45119000,0
2024-02-14,7.35400000,7.71000000,7.27300000,7.64900000,6998063.16000000,1707955199999,53082392.52019000,130998,3534219.85000000,26802921.66341000,0
2024-02-15,7.64800000,7.95000000,7.52600000,7.78100000,8076847.34000000,1708041599999,62737389.42161000,162113,4065943.16000000,31590979.21498000,0
2024-02-16,7.78100000,7.86800000,7.53700000,7.64700000,5128123.74000000,1708127999999,39582350.55408000,113076,2414307.32000000,18639888.17413000,0
2024-02-17,7.64700000,7.70900000,7.34000000,7.70400000,3946834.47000000,1708214399999,29794182.84349000,95232,1869465.74000000,14118517.65036000,0
2024-02-18,7.70400000,7.92000000,7.67600000,7.86000000,4114553.53000000,1708300799999,32032555.09121000,100426,2019853.22000000,15728288.52443000,0
2024-02-19,7.86000000,8.14800000,7.65100000,8.02900000,8186553.00000000,1708387199999,64174923.12627000,163951,4019616.35000000,31530278.27633000,0
2024-02-20,8.02900000,8.11700000,7.39900000,7.73100000,9552318.01000000,1708473599999,73945120.33370000,178000,4605740.58000000,35627973.13435000,0
2024-02-21,7.73100000,7.73200000,7.22500000,7.46600000,6514766.28000000,1708559999999,48234966.35234000,127063,3060934.66000000,22668733.60342000,0
2024-02-22,7.46600000,7.68700000,7.27400000,7.48000000,5384307.43000000,1708646399999,40458873.89838000,100818,2679550.70000000,20145557.23182000,0
2024-02-23,7.48100000,7.64600000,7.26900000,7.56300000,6638489.31000000,1708732799999,49322330.61584000,123876,3189667.57000000,23713229.48686000,0
2024-02-24,7.56400000,7.89100000,7.43100000,7.81900000,6116096.37000000,1708819199999,47385015.29813000,119482,2957218.65000000,22912246.19589000,0
2024-02-25,7.81900000,7.95000000,7.67700000,7.92300000,4176758.99000000,1708905599999,32553618.64877000,83926,2113460.43000000,16483006.89174000,0
2024-02-26,7.92400000,8.11700000,7.58300000,8.10900000,7572230.28000000,1708991999999,59674731.86138000,144072,3683129.15000000,29055278.20984000,0
2024-02-27,8.10900000,8.44900000,7.98700000,8.37100000,10449184.54000000,1709078399999,85260782.62986000,183372,5305388.68000000,43312833.88570000,0
2024-02-28,8.37100000,8.71500000,7.71300000,8.34200000,15023729.48000000,1709164799999,125068060.40644000,342565,7548795.77000000,62916226.88733000,0
2024-02-29,8.34200000,8.89900000,8.02900000,8.26100000,11567082.87000000,1709251199999,99243232.96434000,263151,5684144.39000000,48807654.48466000,0
2024-03-01,8.26300000,8.67300000,8.26300000,8.66100000,7440771.13000000,1709337599999,62653156.22702000,158857,3655854.35000000,30802541.51554000,0
2024-03-02,8.66100000,9.46700000,8.57600000,9.46300000,12812343.11000000,1709423999999,115696178.27531000,294596,6575658.84000000,59393073.15184000,0
2024-03-03,9.46300000,9.90000000,8.57600000,9.78100000,15549955.02000000,1709510399999,146134358.56841000,364720,7774238.26000000,73167237.99185000,0
2024-03-04,9.78100000,10.31000000,9.50000000,9.86200000,20642389.86000000,1709596799999,204917314.03846000,494931,10158495.31000000,100913239.97822000,0
2024-03-05,9.86200000,10.76200000,8.17000000,9.32000000,31707926.36000000,1709683199999,312847055.90206000,840745,15511640.44000000,153299752.18313000,0
2024-03-06,9.32000000,10.56000000,8.92400000,10.54400000,17135241.23000000,1709769599999,169931312.14862000,426365,8571042.29000000,84955491.59856000,0
2024-03-07,10.54400000,11.00000000,10.20900000,10.40200000,11994126.73000000,1709855999999,126076734.71795000,306333,5982020.54000000,62912739.24038000,0
2024-03-08,10.40400000,10.70000000,9.94600000,10.63700000,12982892.21000000,1709942399999,134810803.31724000,314264,6260656.31000000,65040412.19574000,0
2024-03-09,10.63700000,10.95000000,10.40900000,10.49300000,9384527.61000000,1710028799999,100167135.91859000,226543,4623627.01000000,49360288.56608000,0
2024-03-10,10.49400000,10.57400000,9.96300000,10.26100000,7587844.77000000,1710115199999,78414400.74477000,192434,3631981.56000000,37562310.92223000,0
2024-03-11,10.26200000,11.24900000,9.79100000,11.04300000,14996657.84000000,1710201599999,161100181.82388000,373463,7551063.01000000,81160396.36933000,0
2024-03-12,11.04300000,11.15000000,10.02000000,10.73600000,12039946.94000000,1710287999999,128250928.43394000,311774,5801135.43000000,61798851.15255000,0
2024-03-13,10.73600000,11.46000000,10.63800000,11.37400000,11969881.19000000,1710374399999,131486966.49787000,276468,6198253.38000000,68151334.98336000,0
2024-03-14,11.37400000,11.88900000,10.67500000,11.55800000,20155350.19000000,1710460799999,229071925.84591000,536988,10004645.71000000,113841430.94144000,0
2024-03-15,11.55700000,11.70600000,9.97500000,10.81000000,20216540.26000000,1710547199999,215857142.24061000,557152,10086593.54000000,107788771.08556000,0
2024-03-16,10.81100000,10.89900000,9.50200000,9.68200000,13825011.98000000,1710633599999,141260282.07715000,330505,6629610.94000000,67730863.45659000,0
2024-03-17,9.68400000,10.25200000,9.19000000,10.08300000,9420189.81000000,1710719999999,92578800.73045000,229683,4706811.29000000,46294084.76933000,0
2024-03-18,10.08300000,10.45600000,9.60200000,9.90200000,9838197.40000000,1710806399999,98681512.72010000,245319,4518181.38000000,45271524.10458000,0
2024-03-19,9.90100000,9.99400000,8.60000000,8.76600000,15363075.80000000,1710892799999,140223015.47043000,341363,7287059.82000000,66521885.28307000,0
2024-03-20,8.76600000,9.56700000,8.48800000,9.48300000,12729562.23000000,1710979199999,115192954.03982000,267797,6079354.93000000,54993615.55373000,0
2024-03-21,9.48300000,9.58300000,9.06700000,9.17900000,7536093.12000000,1711065599999,70326185.56471000,156774,3677467.74000000,34305137.93222000,0
2024-03-22,9.17900000,9.36700000,8.69400000,8.93600000,6104700.92000000,1711151999999,55019173.18080000,147578,2852531.18000000,25708676.28093000,0
2024-03-23,8.93900000,9.22400000,8.85200000,8.96800000,3464506.12000000,1711238399999,31440053.88562000,82610,1723712.08000000,15644508.99689000,0
2024-03-24,8.96700000,9.43000000,8.95200000,9.37000000,3551552.34000000,1711324799999,32635454.36433000,85961,1823352.66000000,16759519.77170000,0
2024-03-25,9.37200000,9.83200000,9.28700000,9.73500000,6350466.97000000,1711411199999,60894231.33409000,134426,3304494.06000000,31698887.24107000,0
2024-03-26,9.73700000,10.05700000,9.52500000,9.68900000,8244078.96000000,1711497599999,80673527.43835000,174875,4311766.53000000,42167828.86291000,0
2024-03-27,9.68900000,9.81400000,9.30400000,9.44500000,7078224.52000000,1711583999999,67565489.84129000,146861,3370508.40000000,32188723.34718000,0
2024-03-28,9.44800000,9.65900000,9.30000000,9.52200000,5433742.81000000,1711670399999,51686915.65022000,124191,2565185.35000000,24408304.71077000,0
2024-03-29,9.52400000,9.81000000,9.34400000,9.60100000,6430200.46000000,1711756799999,61359950.63986000,129741,3189978.23000000,30441915.91687000,0
2024-03-30,9.60100000,9.69900000,9.38700000,9.42900000,3097586.67000000,1711843199999,29561625.44045000,76410,1514124.83000000,14453753.46122000,0
2024-03-31,9.42900000,9.64900000,9.41400000,9.64700000,2347041.29000000,1711929599999,22412540.66799000,56605,1197056.04000000,11433124.91505000,0
2024-04-01,9.64700000,9.74700000,8.92300000,9.14300000,6554213.02000000,1712015999999,60640113.48337000,142433,3039864.95000000,28137222.73819000,0
2024-04-02,9.14300000,9.14300000,8.37000000,8.58200000,8040640.57000000,1712102399999,69467412.20222000,180154,3888623.15000000,33580309.49265000,0
2024-04-03,8.58200000,8.78000000,8.28400000,8.41600000,5456340.40000000,1712188799999,46799379.00963000,125872,2719931.13000000,23326204.67862000,0
2024-04-04,8.41600000,8.71100000,8.26300000,8.48600000,5143837.32000000,1712275199999,43732433.43625000,95530,2532311.98000000,21533766.65121000,0
2024-04-05,8.48600000,8.51100000,8.07600000,8.37900000,4594358.61000000,1712361599999,38114145.02133000,87487,2135326.02000000,17725644.30344000,0
2024-04-06,8.37900000,8.55500000,8.32900000,8.49400000,3135750.79000000,1712447999999,26414887.39032000,56030,1563534.04000000,13173557.83758000,0
2024-04-07,8.49500000,8.74100000,8.45800000,8.70400000,3777830.16000000,1712534399999,32605410.22559000,68247,1911111.06000000,16489948.82779000,0
2024-04-08,8.70400000,9.09600000,8.57000000,9.04300000,5282323.07000000,1712620799999,47097531.48028000,100101,2667769.60000000,23786873.48231000,0
2024-04-09,9.04300000,9.13700000,8.63200000,8.65900000,6315720.00000000,1712707199999,56122742.15438000,124287,2987836.26000000,26562905.75208000,0
2024-04-10,8.65700000,8.70100000,8.12200000,8.40800000,6364196.82000000,1712793599999,53520436.99866000,129108,3066220.53000000,25783792.71675000,0
2024-04-11,8.40800000,8.52800000,8.18300000,8.38400000,4548223.43000000,1712879999999,37946317.36623000,82773,2233834.24000000,18645161.92687000,0
2024-04-12,8.38200000,8.49000000,6.50300000,7.24000000,18112289.17000000,1712966399999,133913522.69259000,379793,8748992.83000000,64673061.52247000,0
2024-04-13,7.24000000,7.33400000,5.69300000,6.38800000,21049661.80000000,1713052799999,137108512.81321000,459450,10325365.50000000,67393435.86530000,0
2024-04-14,6.38900000,6.92900000,6.19300000,6.85500000,15785330.10000000,1713139199999,103908491.11701000,296621,8138547.38000000,53608785.56678000,0
2024-04-15,6.85500000,7.20600000,6.42900000,6.70800000,9782724.46000000,1713225599999,66986966.76355000,166710,4860438.25000000,33293656.88937000,0
2024-04-16,6.70800000,6.82100000,6.37100000,6.70200000,5720075.35000000,1713311999999,37755851.85471000,115518,2830821.61000000,18688314.79495000,0
2024-04-17,6.70000000,6.77900000,6.32600000,6.58300000,4881081.63000000,1713398399999,32025544.18089000,96753,2354510.81000000,15445705.90989000,0
2024-04-18,6.58000000,6.82900000,6.44500000,6.78400000,3726348.91000000,1713484799999,24841284.31859000,81094,1902365.60000000,12694444.09156000,0
2024-04-19,6.78300000,6.91700000,6.27400000,6.68200000,7702126.65000000,1713571199999,51228128.14886000,137895,3665755.74000000,24416830.54401000,0
2024-04-20,6.68100000,7.28300000,6.60800000,7.24100000,3963964.15000000,1713657599999,27581039.65691000,71819,2068698.76000000,14392424.05527000,0
2024-04-21,7.24100000,7.28800000,6.96200000,7.14000000,2994106.76000000,1713743999999,21401341.30925000,50838,1528737.89000000,10930365.64728000,0
2024-04-22,7.13900000,7.58300000,7.08900000,7.46600000,5143305.97000000,1713830399999,38115624.70031000,93098,2624991.06000000,19447394.11887000,0
2024-04-23,7.46700000,7.54300000,7.20500000,7.24200000,4802056.52000000,1713916799999,35496925.27651000,78516,2292492.45000000,16952568.65086000,0
2024-04-24,7.24300000,7.50000000,6.85700000,6.93100000,6094306.22000000,1714003199999,43770713.70024000,101315,2902647.39000000,20865534.89409000,0
2024-04-25,6.93200000,7.00100000,6.70300000,6.86200000,4296277.37000000,1714089599999,29522566.81950000,71088,2070719.19000000,14232491.92390000,0
2024-04-26,6.86300000,6.95100000,6.71400000,6.76400000,4650325.63000000,1714175999999,31794011.83922000,67383,2329786.84000000,15933333.66580000,0
2024-04-27,6.76500000,6.86600000,6.51100000,6.80700000,3888055.62000000,1714262399999,26004283.68863000,64779,1826729.01000000,12217169.33279000,0
2024-04-28,6.80800000,6.95100000,6.69000000,6.72800000,2445507.20000000,1714348799999,16773666.67295000,43208,1164300.64000000,7990094.08078000,0
2024-04-29,6.72600000,6.82600000,6.47000000,6.58700000,3658934.18000000,1714435199999,24113568.60672000,63006,1714087.54000000,11297763.72953000,0
2024-04-30,6.58800000,6.66900000,6.04000000,6.42500000,7667235.19000000,1714521599999,48530605.89353000,115512,3984062.45000000,25224123.59206000,0
2024-05-01,6.42300000,6.93500000,6.12900000,6.89900000,9928379.44000000,1714607999999,64889057.77625000,175570,4971837.62000000,32506459.70104000,0
2024-05-02,6.90000000,7.40900000,6.69400000,7.27300000,5866303.67000000,1714694399999,41407190.75191000,109002,2989781.66000000,21089488.59573000,0
2024-05-03,7.27200000,7.38600000,7.00200000,7.24500000,6917886.48000000,1714780799999,49700402.13008000,109634,3849841.15000000,27661016.19492000,0
2024-05-04,7.24400000,7.28000000,7.10500000,7.12200000,3557671.87000000,1714867199999,25538079.66083000,71120,1842506.65000000,13228206.08575000,0
2024-05-05,7.12200000,7.40000000,7.01400000,7.30200000,4163778.64000000,1714953599999,29929648.88411000,72928,2053134.89000000,14756410.06752000,0
2024-05-06,7.30300000,7.47300000,7.06000000,7.12100000,4753151.15000000,1715039999999,34575115.49700000,94264,2300855.06000000,16740333.77776000,0
2024-05-07,7.11900000,7.29500000,6.97900000,6.99300000,3682848.45000000,1715126399999,26341986.89067000,64947,1709117.46000000,12230777.07425000,0
2024-05-08,6.99200000,7.18900000,6.89300000,6.98300000,3774626.84000000,1715212799999,26568875.86413000,75550,1826824.85000000,12866929.52023000,0
2024-05-09,6.98200000,7.08900000,6.78200000,7.05000000,3379414.81000000,1715299199999,23494022.92313000,75016,1714347.12000000,11925299.52689000,0
2024-05-10,7.04900000,7.14900000,6.69000000,6.74600000,4044018.42000000,1715385599999,28001136.53901000,86237,1924613.53000000,13347016.87152000,0
2024-05-11,6.74500000,6.80900000,6.63500000,6.65900000,2377967.87000000,1715471999999,15990835.94362000,63809,1048777.60000000,7053251.24426000,0
2024-05-12,6.65900000,6.79300000,6.58600000,6.61700000,1576234.91000000,1715558399999,10549981.05226000,40295,769472.16000000,5150212.10387000,0
2024-05-13,6.61600000,6.82600000,6.43100000,6.66900000,3606786.80000000,1715644799999,24006845.24137000,74408,1731132.61000000,11533322.62222000,0
2024-05-14,6.67100000,6.69800000,6.46900000,6.48500000,2744202.98000000,1715731199999,18115960.71576000,54763,1291300.56000000,8525969.83623000,0
2024-05-15,6.48500000,7.02900000,6.46100000,6.96100000,4442558.01000000,1715817599999,29947707.03845000,93250,2306277.62000000,15550469.59919000,0
2024-05-16,6.96100000,7.06600000,6.81200000,7.02500000,3415709.35000000,1715903999999,23688289.71924000,77104,1707446.04000000,11844582.16317000,0
2024-05-17,7.02500000,7.29900000,6.99900000,7.19900000,4256397.78000000,1715990399999,30530613.07534000,93983,2134758.35000000,15305855.57678000,0
2024-05-18,7.19800000,7.23200000,7.06300000,7.15700000,1889934.65000000,1716076799999,13528564.03044000,51738,860878.17000000,6163434.10025000,0
2024-05-19,7.15700000,7.18000000,6.88900000,6.93100000,1874582.61000000,1716163199999,13172233.68275000,52561,894559.89000000,6285776.39470000,0
2024-05-20,6.93000000,7.58400000,6.85100000,7.57500000,4828245.07000000,1716249599999,35050283.82313000,111128,2610174.24000000,18968986.89163000,0
2024-05-21,7.57400000,7.67100000,7.42800000,7.61000000,4957810.67000000,1716335999999,37493727.53372000,114969,2454000.78000000,18562631.93695000,0
2024-05-22,7.60900000,7.70100000,7.38000000,7.46700000,4310060.98000000,1716422399999,32562307.03784000,91907,2048867.98000000,15486686.52596000,0
2024-05-23,7.46600000,7.60400000,6.89500000,7.20000000,8045710.66000000,1716508799999,58338996.81951000,165136,3925825.68000000,28452769.99132000,0
2024-05-24,7.19900000,7.38600000,7.01700000,7.24400000,3827983.04000000,1716595199999,27592396.21948000,85145,1812949.94000000,13061893.69122000,0
2024-05-25,7.24400000,7.43800000,7.22000000,7.42500000,2016462.27000000,1716681599999,14775929.55812000,45069,926347.08000000,6783145.35353000,0
2024-05-26,7.42600000,7.64000000,7.36700000,7.55700000,2927564.39000000,1716767999999,21981848.74520000,71817,1400511.65000000,10516828.91013000,0
2024-05-27,7.55600000,7.77500000,7.38000000,7.64000000,3611626.96000000,1716854399999,27354095.59829000,89866,1858086.60000000,14073135.01704000,0
2024-05-28,7.64000000,7.66700000,7.27700000,7.37000000,4935005.61000000,1716940799999,36637189.71365000,111895,2385095.81000000,17705223.55607000,0
2024-05-29,7.37100000,7.56200000,7.14500000,7.17800000,4221424.57000000,1717027199999,31004140.44929000,109760,1973918.49000000,14501964.03416000,0
2024-05-30,7.17800000,7.24300000,6.92300000,6.99800000,4211075.50000000,1717113599999,29768830.26286000,121671,2204938.21000000,15581375.31031000,0
2024-05-31,6.99700000,7.05400000,6.80300000,6.98400000,2478066.66000000,1717199999999,17240959.21724000,68972,1208066.71000000,8410678.60292000,0
2024-06-01,6.98400000,7.13500000,6.95900000,7.06200000,1506527.64000000,1717286399999,10641340.31329000,38697,699304.06000000,4939521.71571000,0
2024-06-02,7.06100000,7.12500000,6.91700000,6.98800000,1812466.32000000,1717372799999,12739228.39396000,44577,858015.48000000,6031048.69623000,0
2024-06-03,6.98900000,7.19100000,6.93200000,7.00900000,3867604.77000000,1717459199999,27501440.82946000,70893,1912608.62000000,13606391.65968000,0
2024-06-04,7.00900000,7.23600000,6.94100000,7.17700000,2889356.19000000,1717545599999,20510170.59585000,71252,1448252.26000000,10286069.31858000,0
2024-06-05,7.17800000,7.29800000,7.14800000,7.25100000,2836358.18000000,1717631999999,20489701.47158000,66081,1306097.36000000,9438808.75676000,0
2024-06-06,7.25000000,7.28800000,7.05600000,7.14400000,2433999.18000000,1717718399999,17531588.67298000,59115,1075485.45000000,7748246.92838000,0
2024-06-07,7.14500000,7.29100000,6.05300000,6.65900000,8416185.59000000,1717804799999,56571253.44670000,206977,3943837.68000000,26463881.85065000,0
2024-06-08,6.65900000,6.68300000,6.33800000,6.38400000,3615115.34000000,1717891199999,23479748.53344000,90111,1697515.65000000,11020442.48269000,0
2024-06-09,6.38400000,6.54000000,6.37500000,6.52700000,2659717.39000000,1717977599999,17204100.31419000,61660,1458773.00000000,9431728.35544000,0
2024-06-10,6.52700000,6.58200000,6.35700000,6.50600000,2942181.04000000,1718063999999,19083975.95825000,78223,1439742.27000000,9337581.59730000,0
2024-06-11,6.50600000,6.52700000,6.21700000,6.37800000,5420734.07000000,1718150399999,34467834.53315000,123800,2466887.85000000,15687973.27384000,0
2024-06-12,6.37800000,6.93100000,6.27600000,6.73800000,7033186.82000000,1718236799999,46892490.86663000,149956,3149349.42000000,20990255.97458000,0
2024-06-13,6.73700000,6.74300000,6.33600000,6.35900000,3581239.76000000,1718323199999,23256263.33168000,88271,1709576.92000000,11105291.20245000,0
2024-06-14,6.36000000,6.48800000,6.00000000,6.16300000,5069082.95000000,1718409599999,31653591.82174000,127400,2552447.64000000,15948819.21839000,0
2024-06-15,6.16200000,6.25800000,6.10900000,6.22300000,1928449.76000000,1718495999999,11946251.60148000,38259,927573.60000000,5746535.49870000,0
2024-06-16,6.22300000,6.42800000,6.14900000,6.39600000,3423193.06000000,1718582399999,21562302.44530000,53738,1471513.86000000,9268357.11779000,0
2024-06-17,6.39700000,6.41800000,5.98700000,6.06900000,4149733.54000000,1718668799999,25729861.79515000,91593,1807884.81000000,11208575.82545000,0
2024-06-18,6.06900000,6.08900000,5.46000000,5.77100000,10700166.19000000,1718755199999,61632237.35168000,188498,5127671.54000000,29500397.29582000,0
2024-06-19,5.77100000,5.99300000,5.73000000,5.79900000,4114058.81000000,1718841599999,24212639.52250000,71171,2047937.87000000,12046411.00100000,0
2024-06-20,5.79800000,5.97200000,5.60000000,5.64200000,3352117.74000000,1718927999999,19440549.48807000,85229,1767681.53000000,10259214.32979000,0
2024-06-21,5.64300000,5.73700000,5.54900000,5.61100000,3503011.61000000,1719014399999,19780172.90643000,75499,1743042.35000000,9842386.48370000,0
2024-06-22,5.61200000,5.80500000,5.54100000,5.75100000,2939866.91000000,1719100799999,16717617.25044000,59425,1242079.85000000,7057908.29884000,0
2024-06-23,5.75200000,5.83000000,5.58700000,5.65200000,1702329.17000000,1719187199999,9742415.15508000,43147,821831.70000000,4703771.10087000,0
2024-06-24,5.65100000,5.74000000,5.38900000,5.72900000,5455119.88000000,1719273599999,30581475.85042000,141446,2648396.98000000,14848027.74830000,0
2024-06-25,5.72700000,5.97600000,5.70500000,5.84200000,3888721.25000000,1719359999999,22723548.14992000,89117,1706706.47000000,9970082.71471000,0
2024-06-26,5.84100000,5.94900000,5.75700000,5.79900000,2681962.98000000,1719446399999,15700662.86179000,58929,1230289.74000000,7202281.47664000,0
2024-06-27,5.79900000,6.38000000,5.70600000,6.28700000,6316840.04000000,1719532799999,38592283.67132000,129555,3025202.31000000,18476993.24780000,0
2024-06-28,6.28600000,6.44200000,6.15900000,6.19000000,3765151.40000000,1719619199999,23741233.80466000,103182,1890284.17000000,11924109.93517000,0
2024-06-29,6.18900000,6.30500000,6.06300000,6.08000000,1478576.61000000,1719705599999,9119215.34262000,50003,657355.77000000,4055954.80660000,0
2024-06-30,6.08000000,6.26000000,6.02300000,6.21500000,1831777.53000000,1719791999999,11252365.78312000,56144,962160.59000000,5912678.92444000,0
2024-07-01,6.21600000,6.45000000,6.19500000,6.32900000,3174108.21000000,1719878399999,20126788.71605000,78075,1624163.76000000,10298189.78484000,0
2024-07-02,6.33000000,6.61100000,6.31400000,6.53100000,5472083.79000000,1719964799999,35357433.53704000,110722,2675006.55000000,17275714.98155000,0
2024-07-03,6.53100000,6.54500000,5.99800000,6.08100000,4570764.83000000,1720051199999,28365930.04465000,108277,2123550.00000000,13170803.41702000,0
2024-07-04,6.08200000,6.13400000,5.53900000,5.55600000,6705156.48000000,1720137599999,39090231.43867000,146014,3137348.15000000,18291690.19667000,0
2024-07-05,5.55600000,5.91800000,4.91500000,5.68700000,20535452.40000000,1720223999999,110950720.12196000,342604,9611882.83000000,51942708.91857000,0
2024-07-06,5.68600000,6.31200000,5.63100000,6.24000000,11542351.46000000,1720310399999,68471576.66330000,172336,5612095.00000000,33283316.85445000,0
2024-07-07,6.24000000,6.31300000,5.88200000,5.91100000,5276684.60000000,1720396799999,32622719.92136000,122958,2562181.01000000,15836912.32412000,0
2024-07-08,5.90900000,6.29300000,5.69500000,5.94400000,6138945.03000000,1720483199999,36815706.84295000,166039,3100752.30000000,18602787.41039000,0
2024-07-09,5.94300000,6.20000000,5.84000000,6.11700000,4353640.81000000,1720569599999,26355346.84012000,130966,1880744.01000000,11381177.01464000,0
2024-07-10,6.11700000,6.26000000,6.05000000,6.09700000,4110238.98000000,1720655999999,25185399.94519000,82392,2065910.76000000,12658647.92375000,0
2024-07-11,6.09600000,6.24800000,5.89500000,5.90300000,2350422.86000000,1720742399999,14266314.81401000,84775,1081010.37000000,6565968.70662000,0
2024-07-12,5.90200000,6.10400000,5.80100000,6.10300000,2711128.45000000,1720828799999,16061145.58148000,95781,1372630.27000000,8134873.01214000,0
2024-07-13,6.10200000,6.30600000,6.07400000,6.23200000,2003082.88000000,1720915199999,12463058.33448000,83543,1021579.07000000,6357310.35747000,0
2024-07-14,6.23300000,6.35700000,6.15900000,6.32000000,2826709.60000000,1721001599999,17678789.87336000,76142,1418253.43000000,8866245.26725000,0
2024-07-15,6.32000000,6.54300000,6.29500000,6.48400000,5049392.80000000,1721087999999,32365747.32191000,127556,2394517.92000000,15347155.90215000,0
2024-07-16,6.48600000,6.51300000,6.12600000,6.33700000,4558393.80000000,1721174399999,28926424.01309000,140931,2225905.16000000,14129314.79331000,0
2024-07-17,6.33500000,6.53500000,6.24600000,6.25500000,3182801.28000000,1721260799999,20409441.02157000,113708,1596276.58000000,10243934.47959000,0
2024-07-18,6.25400000,6.40700000,6.02000000,6.09300000,3370663.16000000,1721347199999,20942036.00670000,115888,1582766.83000000,9841354.80016000,0
2024-07-19,6.09200000,6.48000000,5.97800000,6.33800000,2757057.53000000,1721433599999,17092640.49337000,88094,1493081.34000000,9275795.77161000,0
2024-07-20,6.33700000,6.39700000,6.22400000,6.33300000,1720991.41000000,1721519999999,10890692.56024000,52953,902767.47000000,5714858.14562000,0
2024-07-21,6.33200000,6.44500000,6.10000000,6.43000000,2339766.13000000,1721606399999,14729938.84413000,77880,1143809.70000000,7207426.34326000,0
2024-07-22,6.43000000,6.47600000,6.08000000,6.09600000,2585309.02000000,1721692799999,16189745.26295000,76605,1172894.72000000,7350320.76699000,0
2024-07-23,6.09500000,6.16500000,5.79900000,5.91700000,2986487.42000000,1721779199999,17898039.14700000,107148,1390273.76000000,8338394.20350000,0
2024-07-24,5.91700000,5.99700000,5.65400000,5.74800000,2358741.13000000,1721865599999,13810419.50156000,77804,1038934.40000000,6089588.24525000,0
2024-07-25,5.74700000,5.77900000,5.54000000,5.75500000,2972357.49000000,1721951999999,16868022.73891000,103777,1404441.52000000,7971995.89160000,0
2024-07-26,5.75500000,5.89100000,5.72600000,5.86700000,2528303.82000000,1722038399999,14731225.61897000,64349,1281901.66000000,7469244.17566000,0
2024-07-27,5.86700000,5.94200000,5.71500000,5.82500000,2061613.39000000,1722124799999,12055104.50057000,66226,983835.65000000,5753295.07845000,0
2024-07-28,5.82500000,5.84400000,5.67000000,5.71800000,1204090.29000000,1722211199999,6911612.14166000,37155,567925.87000000,3260924.15182000,0
2024-07-29,5.72000000,5.88000000,5.62200000,5.64900000,2552750.24000000,1722297599999,14741753.65262000,73040,1276172.08000000,7377277.42598000,0
2024-07-30,5.65000000,5.72600000,5.48100000,5.51900000,1921244.42000000,1722383999999,10784712.48248000,60151,861000.94000000,4837876.13269000,0
2024-07-31,5.51900000,5.55900000,5.33500000,5.38900000,2644241.77000000,1722470399999,14491968.14833000,81717,1291613.13000000,7079187.57328000,0
2024-08-01,5.38900000,5.42200000,5.02600000,5.34000000,4408677.71000000,1722556799999,23057405.09870000,118524,2218655.08000000,11590078.92745000,0
2024-08-02,5.34100000,5.36900000,5.00000000,5.12200000,3554684.74000000,1722643199999,18373097.53989000,93870,1623290.53000000,8402647.58704000,0
2024-08-03,5.12300000,5.20900000,4.85400000,5.04500000,3126943.96000000,1722729599999,15746333.90916000,79104,1486544.56000000,7483923.45747000,0
2024-08-04,5.04400000,5.09700000,4.53400000,4.68800000,4876624.24000000,1722815999999,23395140.70896000,96819,2202195.34000000,10555925.17162000,0
2024-08-05,4.68800000,4.72600000,3.59000000,4.20000000,21997702.93000000,1722902399999,88685187.18137000,439161,10505489.74000000,42364300.21631000,0
2024-08-06,4.19900000,4.60400000,4.19400000,4.50900000,5497287.59000000,1722988799999,24332470.64108000,137934,2380282.09000000,10522306.46691000,0
2024-08-07,4.50900000,4.64100000,4.40300000,4.57900000,5243270.78000000,1723075199999,23867799.57190000,116284,2417585.33000000,11005552.54678000,0
2024-08-08,4.57900000,4.90400000,4.48000000,4.87900000,4847719.81000000,1723161599999,22846212.93063000,126282,2189605.49000000,10319762.74502000,0
2024-08-09,4.87900000,4.92400000,4.73000000,4.78300000,2737150.09000000,1723247999999,13160460.75688000,94019,1332390.45000000,6405910.52183000,0
2024-08-10,4.78300000,4.83200000,4.72300000,4.75400000,1189116.19000000,1723334399999,5655926.59157000,49593,484474.72000000,2304807.33600000,0
2024-08-11,4.75300000,4.82900000,4.46600000,4.49500000,1800885.03000000,1723420799999,8373101.26817000,62962,848795.92000000,3948669.81185000,0
2024-08-12,4.49500000,4.68000000,4.45000000,4.58800000,2055574.69000000,1723507199999,9398489.06651000,74860,1015281.25000000,4644185.24775000,0
2024-08-13,4.58700000,4.65000000,4.39800000,4.54700000,2199766.63000000,1723593599999,9955998.35062000,52255,1045187.15000000,4733232.69043000,0
2024-08-14,4.54600000,4.55400000,4.34300000,4.38300000,2361315.25000000,1723679999999,10530674.74467000,56898,1088343.40000000,4855954.88973000,0
2024-08-15,4.38300000,4.48100000,4.22700000,4.27700000,2334737.90000000,1723766399999,10191897.14502000,87634,985276.31000000,4295864.14243000,0
2024-08-16,4.27800000,4.38700000,4.21100000,4.29200000,1920753.49000000,1723852799999,8249236.79014000,44366,1015534.24000000,4359112.40304000,0
2024-08-17,4.29300000,4.38400000,4.27500000,4.36900000,859646.82000000,1723939199999,3720796.35993000,40634,473270.40000000,2048843.00253000,0
2024-08-18,4.37000000,4.52900000,4.34600000,4.39000000,2034044.35000000,1724025599999,9004629.63291000,44213,1024258.09000000,4531820.15990000,0
2024-08-19,4.39100000,4.50400000,4.34400000,4.48100000,1876212.07000000,1724111999999,8304032.43384000,39373,913259.87000000,4041781.98718000,0
2024-08-20,4.48100000,4.60400000,4.45500000,4.52400000,2015995.76000000,1724198399999,9152924.20150000,77401,881048.13000000,3999807.18570000,0
2024-08-21,4.52400000,4.74900000,4.49200000,4.66300000,2872074.59000000,1724284799999,13248802.47603000,87220,1387540.70000000,6410961.13251000,0
2024-08-22,4.66400000,4.72000000,4.59100000,4.68900000,3039748.99000000,1724371199999,14158806.49200000,61121,1622459.96000000,7554867.26163000,0
2024-08-23,4.69000000,4.95300000,4.68400000,4.89100000,3604290.98000000,1724457599999,17308988.02795000,71503,1802725.48000000,8663113.18293000,0
2024-08-24,4.89200000,5.10000000,4.84500000,4.98100000,3274573.09000000,1724543999999,16263900.72207000,65838,1700011.80000000,8443436.66512000,0
2024-08-25,4.98200000,4.99500000,4.74400000,4.81900000,3038021.47000000,1724630399999,14732464.97782000,62912,1407601.08000000,6830289.37954000,0
2024-08-26,4.82300000,4.86600000,4.53000000,4.55800000,2919726.61000000,1724716799999,13664083.01295000,67183,1385369.00000000,6483634.77533000,0
2024-08-27,4.55700000,4.65800000,4.24000000,4.37800000,4020085.47000000,1724803199999,17985690.71896000,93324,1949821.66000000,8721214.32781000,0
2024-08-28,4.37800000,4.45300000,4.16500000,4.25400000,3363625.70000000,1724889599999,14541157.51819000,88095,1498175.74000000,6475210.94376000,0
2024-08-29,4.25500000,4.40300000,4.17900000,4.25200000,2528160.83000000,1724975999999,10850019.33844000,46224,1070052.57000000,4596550.53653000,0
2024-08-30,4.25200000,4.33500000,4.10100000,4.27700000,2493943.55000000,1725062399999,10540167.62173000,46964,1170446.25000000,4949882.69724000,0
2024-08-31,4.27700000,4.31800000,4.21800000,4.25800000,1087944.03000000,1725148799999,4651653.69586000,31547,520758.58000000,2226708.85542000,0
2024-09-01,4.25900000,4.25900000,4.03200000,4.06800000,2516218.02000000,1725235199999,10468108.13323000,40403,1127520.91000000,4688619.79698000,0
2024-09-02,4.06800000,4.23400000,4.05100000,4.20800000,2199151.08000000,1725321599999,9124704.26325000,38829,1087453.21000000,4513299.68212000,0
2024-09-03,4.20900000,4.28500000,4.05600000,4.06200000,2045219.35000000,1725407999999,8557835.91155000,41621,1021159.38000000,4273391.00259000,0
2024-09-04,4.06300000,4.19700000,3.86800000,4.11100000,4271469.46000000,1725494399999,17306441.51132000,63486,2182306.16000000,8834575.91811000,0
2024-09-05,4.11100000,4.12700000,3.97300000,4.02100000,1907467.81000000,1725580799999,7705627.49877000,37512,907343.18000000,3666892.12144000,0
2024-09-06,4.02200000,4.09600000,3.81800000,3.95900000,3968575.54000000,1725667199999,15761203.88402000,74308,1872202.04000000,7433428.25698000,0
2024-09-07,3.96000000,4.13300000,3.93500000,4.07900000,1686608.94000000,1725753599999,6840358.24733000,29572,833675.22000000,3383022.47939000,0
2024-09-08,4.08000000,4.20800000,4.05900000,4.16100000,1503933.15000000,1725839999999,6229901.43706000,40230,739421.07000000,3063885.34010000,0
2024-09-09,4.16200000,4.34100000,4.11100000,4.28600000,2798131.43000000,1725926399999,11804326.73070000,46853,1268016.84000000,5351969.20742000,0
2024-09-10,4.28600000,4.28900000,4.19700000,4.25100000,1848659.47000000,1726012799999,7839080.53131000,35745,927860.05000000,3937082.15623000,0
2024-09-11,4.25000000,4.25700000,4.05800000,4.19100000,2947171.99000000,1726099199999,12240158.54185000,46765,1459056.96000000,6062347.30327000,0
2024-09-12,4.19200000,4.30000000,4.18900000,4.29400000,2205112.48000000,1726185599999,9352024.26962000,37641,975304.62000000,4137888.81706000,0
2024-09-13,4.29400000,4.47200000,4.27000000,4.42000000,3251739.87000000,1726271999999,14194643.53504000,56596,1491325.17000000,6514908.20375000,0
2024-09-14,4.42000000,4.44500000,4.34400000,4.43700000,1857961.23000000,1726358399999,8172515.08683000,30347,829481.38000000,3649907.84454000,0
2024-09-15,4.43700000,4.55800000,4.35500000,4.39300000,2920077.53000000,1726444799999,13096611.08845000,54422,1363491.05000000,6118268.12897000,0
2024-09-16,4.39300000,4.39300000,4.14800000,4.19600000,3152928.30000000,1726531199999,13423563.17722000,61198,1471493.12000000,6260182.74717000,0
2024-09-17,4.19500000,4.28800000,4.12700000,4.15700000,3322360.31000000,1726617599999,13932318.92940000,48680,1717293.46000000,7204037.89038000,0
2024-09-18,4.15800000,4.17800000,3.97300000,4.17600000,4814848.56000000,1726703999999,19623240.25152000,73568,2416448.53000000,9853748.55713000,0
2024-09-19,4.17700000,4.35200000,4.17700000,4.25500000,4658192.56000000,1726790399999,19817235.20155000,64863,2178485.68000000,9262543.92627000,0
2024-09-20,4.25500000,4.40400000,4.19000000,4.34000000,4540903.46000000,1726876799999,19590156.37523000,55748,2318134.56000000,10011756.39755000,0
2024-09-21,4.33900000,4.47700000,4.28200000,4.46200000,2465166.54000000,1726963199999,10802753.21114000,35201,1185147.43000000,5192551.23226000,0
2024-09-22,4.46000000,4.48300000,4.23400000,4.31100000,2410272.28000000,1727049599999,10500125.54048000,37253,1048031.75000000,4567696.20899000,0
2024-09-23,4.31000000,4.46200000,4.23300000,4.45800000,3549403.67000000,1727135999999,15572255.46289000,59614,1723667.44000000,7566842.61342000,0
2024-09-24,4.45800000,4.68400000,4.40100000,4.63500000,4816662.23000000,1727222399999,21852476.87401000,71793,2231481.85000000,10124952.98568000,0
2024-09-25,4.63600000,4.77300000,4.59000000,4.63700000,3965799.79000000,1727308799999,18568345.42913000,76184,1950010.71000000,9129192.72577000,0
2024-09-26,4.63700000,4.87800000,4.56400000,4.81400000,3813731.87000000,1727395199999,18144226.17780000,73685,1762258.07000000,8388560.60372000,0
2024-09-27,4.81400000,4.96400000,4.80900000,4.88200000,4302233.12000000,1727481599999,21054523.50476000,68675,1884592.30000000,9228034.37419000,0
2024-09-28,4.88300000,4.93000000,4.74600000,4.79400000,2346081.15000000,1727567999999,11323964.67363000,44101,1009865.16000000,4874839.72068000,0
2024-09-29,4.79400000,4.85800000,4.68200000,4.76700000,2288995.53000000,1727654399999,10921605.08779000,49414,1089780.66000000,5201560.09456000,0
2024-09-30,4.76700000,4.77100000,4.39900000,4.43200000,4303691.53000000,1727740799999,19804776.77364000,83551,2056858.54000000,9462975.04160000,0
2024-10-01,4.43200000,4.56300000,4.05100000,4.15400000,8519076.94000000,1727827199999,36807460.52113000,136213,4394384.58000000,19009272.08992000,0
2024-10-02,4.15400000,4.27000000,4.00400000,4.10200000,4868593.35000000,1727913599999,20216542.77875000,109613,2458963.30000000,10216605.91659000,0
2024-10-03,4.10200000,4.17300000,3.98900000,4.12900000,4867140.66000000,1727999999999,19828943.46369000,93879,1966602.68000000,8013340.66888000,0
2024-10-04,4.12900000,4.21200000,4.10600000,4.19400000,3025511.57000000,1728086399999,12597674.72679000,65274,1480880.30000000,6166717.19056000,0
2024-10-05,4.19400000,4.23400000,4.07500000,4.13900000,1785207.19000000,1728172799999,7436986.80122000,36880,816700.84000000,3404366.69144000,0
2024-10-06,4.13900000,4.19500000,4.09700000,4.19100000,1577602.61000000,1728259199999,6557940.23410000,31733,755681.21000000,3142060.42345000,0
2024-10-07,4.19000000,4.27200000,4.12600000,4.13100000,3779052.30000000,1728345599999,15901823.96343000,67923,1732641.74000000,7290928.34497000,0
2024-10-08,4.13000000,4.18400000,4.04500000,4.10400000,3238080.04000000,1728431999999,13334540.83259000,57741,1481165.84000000,6099990.25798000,0
2024-10-09,4.10500000,4.15000000,3.95100000,4.02400000,3076173.21000000,1728518399999,12500131.61043000,58137,1407896.36000000,5725099.69408000,0
2024-10-10,4.02400000,4.07700000,3.96200000,4.07300000,2490257.83000000,1728604799999,10043643.48152000,49030,1211333.67000000,4886643.79651000,0
2024-10-11,4.07300000,4.19600000,4.05300000,4.17100000,2347729.65000000,1728691199999,9718414.52857000,40200,1081519.82000000,4476260.73010000,0
2024-10-12,4.17200000,4.26300000,4.15200000,4.20500000,2311858.57000000,1728777599999,9746467.49333000,41063,1111794.34000000,4686774.63338000,0
2024-10-13,4.20500000,4.21600000,4.08600000,4.16200000,1965193.65000000,1728863999999,8160338.93552000,38955,886413.52000000,3679686.64484000,0
2024-10-14,4.16300000,4.40000000,4.13400000,4.37800000,4101366.34000000,1728950399999,17620355.12387000,70533,2033911.13000000,8737691.50772000,0
2024-10-15,4.37900000,4.53500000,4.29100000,4.40600000,6569159.09000000,1729036799999,29005689.94078000,101305,3009870.89000000,13292155.37626000,0
2024-10-16,4.40700000,4.41100000,4.28700000,4.31400000,3164327.04000000,1729123199999,13725747.52256000,46579,1551955.18000000,6731199.05376000,0
2024-10-17,4.31300000,4.35000000,4.14600000,4.19300000,2710997.96000000,1729209599999,11458108.72244000,44544,1262299.34000000,5334933.81291000,0
2024-10-18,4.19300000,4.31200000,4.17300000,4.31000000,2869979.62000000,1729295999999,12196185.43876000,40366,1274322.76000000,5414455.66046000,0
2024-10-19,4.31100000,4.48300000,4.31000000,4.43200000,3363117.50000000,1729382399999,14794341.83771000,47421,1552289.14000000,6826335.50030000,0
2024-10-20,4.43300000,4.59400000,4.35700000,4.57900000,3366066.45000000,1729468799999,15115842.37493000,53808,1599930.87000000,7197173.37547000,0
2024-10-21,4.57800000,4.61500000,4.33400000,4.37700000,3629142.83000000,1729555199999,16181954.56423000,61122,1817921.96000000,8101635.63802000,0
2024-10-22,4.37800000,4.43700000,4.27100000,4.32200000,3090937.00000000,1729641599999,13438975.13422000,45842,1318675.16000000,5735679.83670000,0
2024-10-23,4.32400000,4.33200000,4.10400000,4.21000000,3130845.00000000,1729727999999,13199935.21505000,55171,1508190.33000000,6357837.33536000,0
2024-10-24,4.21000000,4.26000000,4.14300000,4.20600000,3252270.96000000,1729814399999,13684651.05359000,52552,1547628.27000000,6514481.60316000,0
2024-10-25,4.20600000,4.22000000,3.84800000,3.99600000,5549275.62000000,1729900799999,22558947.81695000,108789,2751865.62000000,11183787.37897000,0
2024-10-26,3.99600000,4.06100000,3.94300000,4.03500000,3482001.47000000,1729987199999,13979888.11519000,43907,1528693.59000000,6141547.45575000,0
2024-10-27,4.03600000,4.13600000,4.00700000,4.12800000,2787235.20000000,1730073599999,11318280.25932000,33293,1421401.95000000,5771606.52754000,0
2024-10-28,4.12900000,4.22600000,4.00400000,4.13200000,5064133.38000000,1730159999999,20860299.66655000,67527,2411152.66000000,9936423.92182000,0
2024-10-29,4.13300000,4.25100000,4.11900000,4.19300000,5447880.20000000,1730246399999,22741558.62705000,64993,2644878.18000000,11038248.97064000,0
2024-10-30,4.19300000,4.21800000,4.11900000,4.19100000,4299714.15000000,1730332799999,17948702.42749000,55548,1976156.60000000,8249486.39746000,0
2024-10-31,4.19200000,4.21500000,3.90100000,3.95900000,6741494.00000000,1730419199999,27165478.93525000,70454,3056513.46000000,12271594.29632000,0
2024-11-01,3.95900000,3.99600000,3.84500000,3.90800000,5578717.23000000,1730505599999,21935907.11889000,60728,3006108.65000000,11825925.91732000,0
2024-11-02,3.90800000,3.94900000,3.82300000,3.90800000,3320709.06000000,1730591999999,12913749.35063000,37404,1541728.20000000,5997547.97743000,0
2024-11-03,3.90800000,3.93100000,3.66500000,3.78400000,6064734.41000000,1730678399999,22855062.20248000,87232,2710097.10000000,10217067.28423000,0
2024-11-04,3.78600000,3.83900000,3.67900000,3.75200000,3353577.29000000,1730764799999,12649174.82780000,41659,1554370.11000000,5862639.51278000,0
2024-11-05,3.75100000,3.91900000,3.74600000,3.85500000,3347876.96000000,1730851199999,12897521.64149000,52326,1550694.82000000,5969804.29828000,0
2024-11-06,3.85600000,4.13000000,3.85500000,4.11100000,9391141.87000000,1730937599999,38095046.77657000,123551,4489109.94000000,18210063.46765000,0
2024-11-07,4.11100000,4.19900000,4.04500000,4.16300000,7086769.64000000,1731023999999,29214285.34685000,86396,3362425.46000000,13859156.43587000,0
2024-11-08,4.16400000,4.39200000,4.11600000,4.32500000,11448594.98000000,1731110399999,49101904.78451000,132245,5561986.39000000,23840502.62734000,0
2024-11-09,4.32400000,4.64100000,4.26200000,4.63000000,8503678.87000000,1731196799999,37456696.22400000,100928,4263699.07000000,18783234.82037000,0
2024-11-10,4.63200000,5.47800000,4.58200000,5.24100000,35504372.79000000,1731283199999,181616069.23113000,463995,17392570.06000000,88870028.92877000,0
2024-11-11,5.24200000,5.78600000,4.97200000,5.71000000,21631063.61000000,1731369599999,113557477.69406000,308036,10833305.40000000,56977268.96425000,0
2024-11-12,5.71000000,5.83900000,5.11600000,5.30800000,26930359.43000000,1731455999999,146369187.21862000,470024,12316588.51000000,66988090.38447000,0
2024-11-13,5.30900000,5.42900000,4.90800000,5.07300000,20191236.54000000,1731542399999,104152396.02957000,353275,9507928.77000000,49077275.15211000,0
2024-11-14,5.07200000,5.21600000,4.68600000,4.77500000,13094082.94000000,1731628799999,65075478.51789000,217531,6108952.04000000,30333515.45227000,0
2024-11-15,4.77700000,5.17400000,4.70400000,5.16100000,10257406.37000000,1731715199999,50852669.19840000,159210,5321253.78000000,26391556.04845000,0
2024-11-16,5.16000000,5.80300000,5.13200000,5.78700000,17564833.99000000,1731801599999,96363431.62348000,305408,9029433.98000000,49481620.09356000,0
2024-11-17,5.78600000,6.14700000,5.30400000,5.42400000,18374242.79000000,1731887999999,104089789.93016000,306019,9335247.08000000,52975854.72507000,0
2024-11-18,5.42500000,6.10000000,5.39200000,6.00800000,16117811.20000000,1731974399999,93810676.61151000,289912,8099798.12000000,47169943.58549000,0
2024-11-19,6.00800000,6.04400000,5.65900000,5.80500000,9028491.80000000,1732060799999,52790110.77118000,184668,4365262.71000000,25529737.14099000,0
2024-11-20,5.80500000,6.08000000,5.53200000,5.72400000,13729161.22000000,1732147199999,80475104.06708000,260709,6738716.99000000,39511050.36412000,0
2024-11-21,5.72400000,5.96800000,5.47300000,5.93000000,13681255.17000000,1732233599999,78622761.50223000,242691,6761759.99000000,38854334.03328000,0
2024-11-22,5.93200000,6.68700000,5.87800000,6.63000000,21148336.67000000,1732319999999,131792163.51566000,374669,10701830.66000000,66796274.97874000,0
2024-11-23,6.63100000,9.43200000,6.58500000,8.51500000,60359355.47000000,1732406399999,488516161.67068000,1229537,29830081.32000000,241563846.69399000,0
2024-11-24,8.51500000,10.50000000,8.04200000,8.82500000,55980685.72000000,1732492799999,506362282.56499000,1269042,28820999.24000000,261118959.54961000,0
2024-11-25,8.82400000,9.35900000,8.11000000,8.23200000,23515306.26000000,1732579199999,206296589.02029000,499054,10934623.93000000,96149567.92274000,0
2024-11-26,8.23100000,8.46800000,7.55000000,8.06500000,20294174.75000000,1732665599999,162383626.05441000,452089,9883121.92000000,79130152.74563000,0
2024-11-27,8.06500000,8.56800000,7.84200000,8.45600000,15952780.89000000,1732751999999,132066307.22486000,339871,7988999.73000000,66169154.74103000,0
2024-11-28,8.45700000,8.75200000,8.00200000,8.61500000,12382641.04000000,1732838399999,103040894.09090000,290584,6100532.48000000,50820476.04502000,0
2024-11-29,8.61500000,9.07600000,8.44000000,9.02600000,16424896.92000000,1732924799999,142901889.34631000,343708,8658812.43000000,75398442.67003000,0
2024-11-30,9.02700000,9.22400000,8.60400000,8.94500000,18065505.49000000,1733011199999,161161814.30831000,386446,8600270.62000000,76710853.68654000,0
2024-12-01,8.94500000,9.38800000,8.69600000,9.28900000,14685246.00000000,1733097599999,132985400.07623000,358926,7099730.60000000,64313443.34293000,0
2024-12-02,9.29100000,10.19800000,8.45500000,10.01100000,30869602.68000000,1733183999999,284454249.73618000,700018,15729101.76000000,145297049.24157000,0
2024-12-03,10.01100000,10.39000000,9.05500000,9.78000000,30261037.54000000,1733270399999,297014296.23261000,773201,14775391.53000000,145038757.41535000,0
2024-12-04,9.78100000,11.64900000,9.66300000,10.51200000,40288736.88000000,1733356799999,432800595.52399000,996667,20295297.33000000,217817472.03932000,0
2024-12-05,10.51300000,11.23300000,9.89500000,10.36900000,25573286.13000000,1733443199999,272195831.75093000,637780,12420286.98000000,132298071.34992000,0
2024-12-06,10.37000000,10.88700000,10.01100000,10.67300000,16867235.82000000,1733529599999,176878636.17761000,390657,8860704.16000000,93004417.99910000,0
2024-12-07,10.67300000,10.92800000,10.30600000,10.59200000,11608605.32000000,1733615999999,123318112.20788000,276300,5853896.44000000,62176298.43261000,0
2024-12-08,10.59200000,10.80000000,10.10000000,10.39200000,9936977.11000000,1733702399999,103388097.89147000,232973,5214882.66000000,54253603.58464000,0
2024-12-09,10.39300000,10.39700000,7.50000000,8.46800000,30556061.58000000,1733788799999,276485826.55016000,726480,15039414.70000000,135861851.26048000,0
2024-12-10,8.46800000,8.71800000,7.59000000,8.39500000,23727142.47000000,1733875199999,195806667.14147000,531387,11705914.33000000,96719163.90098000,0
2024-12-11,8.39400000,9.26900000,8.02300000,8.99300000,16541944.16000000,1733961599999,145343557.87661000,307678,8313346.91000000,73139265.88723000,0
2024-12-12,8.99300000,9.66900000,8.91100000,9.06100000,17978417.97000000,1734047999999,166091704.84427000,331252,9326221.87000000,86238723.20952000,0
2024-12-13,9.06200000,9.23400000,8.77200000,9.08900000,11250987.35000000,1734134399999,101303527.08730000,219145,5671462.71000000,51089108.08449000,0
2024-12-14,9.08800000,9.21200000,8.34700000,8.55100000,10546490.88000000,1734220799999,92005179.26440000,186958,5332720.41000000,46531154.18683000,0
2024-12-15,8.55300000,9.26400000,8.36700000,9.02800000,12168923.08000000,1734307199999,107736046.88319000,228624,6482212.71000000,57394693.08218000,0
2024-12-16,9.02800000,9.20400000,8.58700000,8.75600000,11767882.69000000,1734393599999,104792203.54741000,238401,5546709.05000000,49411973.09376000,0
2024-12-17,8.75600000,8.97200000,8.37900000,8.48700000,9689503.83000000,1734479999999,84365735.46092000,210387,4606654.56000000,40130279.14099000,0
2024-12-18,8.49000000,8.54500000,7.56300000,7.67900000,14284782.32000000,1734566399999,115825808.85900000,319289,6845430.87000000,55501906.53208000,0
2024-12-19,7.67900000,7.80200000,6.76000000,6.94100000,22054262.66000000,1734652799999,161165199.42366000,441293,11120317.88000000,81464483.80442000,0
2024-12-20,6.94200000,7.36000000,6.01000000,7.29000000,23182838.78000000,1734739199999,154686227.04389000,416255,11824981.50000000,78997680.40722000,0
2024-12-21,7.29100000,7.80200000,6.83600000,6.97300000,12411891.98000000,1734825599999,90177708.30120000,233373,6083796.93000000,44214933.38853000,0
2024-12-22,6.97600000,7.27000000,6.68200000,6.84200000,8776666.68000000,1734911999999,61095904.75564000,151983,4401856.35000000,30656510.91574000,0
2024-12-23,6.84400000,7.57200000,6.65400000,7.38500000,10441949.73000000,1734998399999,73711723.82206000,196080,5037850.81000000,35584287.70727000,0
2024-12-24,7.38400000,7.64000000,7.15400000,7.55200000,7945555.67000000,1735084799999,58863793.85665000,140063,4100248.55000000,30368920.91337000,0
2024-12-25,7.55100000,7.67800000,7.35300000,7.50200000,5305255.63000000,1735171199999,39701438.66863000,104374,2627212.77000000,19661175.25253000,0
2024-12-26,7.50200000,7.59200000,6.88100000,6.93200000,5952209.03000000,1735257599999,42281673.81255000,114773,2890798.12000000,20530536.21472000,0
2024-12-27,6.93300000,7.31200000,6.81500000,6.91000000,6318307.40000000,1735343999999,44442597.79320000,121691,3108713.73000000,21858795.27898000,0
2024-12-28,6.91200000,7.18400000,6.79200000,7.11300000,4219904.23000000,1735430399999,29358460.19204000,77581,2118051.35000000,14749305.88844000,0
2024-12-29,7.11400000,7.15200000,6.81000000,6.86500000,3618120.74000000,1735516799999,25317807.49957000,72017,1728997.02000000,12106472.44844000,0
2024-12-30,6.86700000,7.10900000,6.53700000,6.70400000,6758873.72000000,1735603199999,45867526.05747000,123881,3300787.61000000,22408624.67140000,0
2024-12-31,6.70600000,6.92900000,6.56500000,6.64300000,4270052.58000000,1735689599999,28683741.65600000,81059,2069279.80000000,13899457.09765000,0
2025-01-01,6.64200000,7.14100000,6.52000000,7.05100000,4854650.19000000,1735775999999,33243559.05772000,94540,2333502.86000000,15993805.99942000,0
2025-01-02,7.05200000,7.36000000,7.05100000,7.17700000,5662998.77000000,1735862399999,40879123.76941000,116141,2780538.54000000,20074151.77783000,0
2025-01-03,7.17900000,8.04400000,7.13500000,7.75400000,10892070.17000000,1735948799999,83477905.04738000,190285,5514996.04000000,42272481.91229000,0
2025-01-04,7.75300000,7.88200000,7.60400000,7.67700000,5399719.09000000,1736035199999,41742764.45914000,96872,2682824.83000000,20743804.11467000,0
2025-01-05,7.67800000,7.73500000,7.46000000,7.67100000,3864962.36000000,1736121599999,29389920.34466000,72382,1877012.27000000,14277865.30767000,0
2025-01-06,7.67200000,7.98800000,7.54000000,7.76800000,7081416.98000000,1736207999999,54984695.00266000,126328,3563332.64000000,27671444.07027000,0
2025-01-07,7.77000000,7.88800000,7.00600000,7.01400000,12003377.11000000,1736294399999,89383885.11418000,211827,5819877.08000000,43361714.72763000,0
2025-01-08,7.01300000,7.13600000,6.42100000,6.76000000,12158592.89000000,1736380799999,82605839.72770000,201670,5778073.36000000,39270057.59654000,0
2025-01-09,6.75900000,6.84700000,6.45400000,6.55900000,7236598.90000000,1736467199999,48101824.44933000,121609,3450012.66000000,22961645.51480000,0
2025-01-10,6.55800000,6.81000000,6.48200000,6.73200000,6645927.74000000,1736553599999,44240403.61073000,115176,3398370.72000000,22629759.03772000,0
2025-01-11,6.73100000,6.87800000,6.58200000,6.74200000,3109598.81000000,1736639999999,20826689.69448000,66834,1455549.64000000,9758836.73449000,0
2025-01-12,6.74100000,6.81700000,6.54200000,6.63200000,2241615.84000000,1736726399999,15016059.50107000,45172,1078258.11000000,7225908.00723000,0
2025-01-13,6.63200000,6.80800000,6.00000000,6.39600000,10199678.51000000,1736812799999,64239204.83461000,188229,5234371.09000000,32956011.28340000,0
2025-01-14,6.39700000,6.69000000,6.36700000,6.66500000,5174378.72000000,1736899199999,33667612.12478000,95908,2666923.13000000,17349527.16141000,0
2025-01-15,6.66800000,7.19600000,6.55800000,7.16500000,9177823.38000000,1736985599999,63109151.99765000,165320,4724151.31000000,32492938.63636000,0
2025-01-16,7.16600000,7.39300000,6.84700000,7.15000000,10781374.02000000,1737071999999,77050710.06064000,211336,5435027.05000000,38845717.30000000,0
2025-01-17,7.15400000,7.60000000,7.15200000,7.50300000,8017976.75000000,1737158399999,59318992.42498000,149265,4032311.79000000,29835594.57070000,0
2025-01-18,7.50400000,7.58900000,6.83900000,7.04300000,8528830.03000000,1737244799999,60425364.34095000,159762,4056124.95000000,28732635.60262000,0
2025-01-19,7.04300000,7.23700000,6.11000000,6.24700000,18463335.53000000,1737331199999,122447118.41131000,341965,8828135.79000000,58632844.06901000,0
2025-01-20,6.24600000,7.10900000,6.05400000,6.38100000,21982145.76000000,1737417599999,142145417.23696000,428022,10624422.27000000,68813601.43558000,0
2025-01-21,6.38100000,6.40400000,6.19400000,6.23900000,1697470.59000000,1737503999999,10692666.66866000,31738,833081.25000000,5249552.27721000,0
