rank,name,symbol,price,1h_change,24h_change,7d_change,market_cap,volume_24h
1,BitcoinBTC,BitcoinBTC,102533.8,0.0019,0.02,0.0184,2031759727099.0,24408960279.0
2,EthereumETH,EthereumETH,3226.48,0.0037,0.028300000000000002,0.0109,388817642357.0,15516590558.0
3,XRPXRP,XRPXRP,3.01,0.0046,0.0341,0.012,173508193546.0,4042538272.0
4,TetherUSDT,TetherUSDT,0.9997,0.0,0.0001,0.0007000000000000001,139292237547.0,67503466909.0
5,SolanaSOL,SolanaSOL,239.11,0.011899999999999999,0.065,0.018600000000000002,116349534670.0,4468912890.0
6,BNBBNB,BNBBNB,665.69,0.0002,0.0311,0.017,94848778547.0,1575362078.0
7,USDCUSDC,USDCUSDC,1.0,0.0001,0.0001,0.0004,52204611200.0,6522836872.0
8,DogecoinDOGE,DogecoinDOGE,0.3339,0.0076,0.0591,0.0458,49341969995.0,1436229789.0
9,CardanoADA,CardanoADA,0.9457,0.0106,0.0348,0.0331,33270876826.0,601407904.0
10,TRONTRX,TRONTRX,0.2454,0.005699999999999999,0.030699999999999998,0.0902,21138936922.0,504881998.0
11,ChainlinkLINK,ChainlinkLINK,24.67,0.0125,0.0167,0.0395,15739771738.0,592977015.0
12,AvalancheAVAX,AvalancheAVAX,35.57,0.0098,0.0365,0.0169,14640039073.0,371784737.0
13,HederaHBAR,HederaHBAR,0.3239,0.0038,0.0323,0.0031,12395703066.0,558346978.0
14,ToncoinTON,ToncoinTON,4.92,0.0036,0.0338,0.0268,12255468973.0,109993651.0
15,StellarXLM,StellarXLM,0.4015,0.0137,0.0381,0.0641,12254982996.0,300219702.0
16,SuiSUI,SuiSUI,3.84,0.0197,0.0774,0.1329,11567736523.0,849178208.0
17,Shiba,InuSHIB,1.895e-05,0.009899999999999999,0.052199999999999996,0.051699999999999996,11163865655.0,248513818.0
18,PolkadotDOT,PolkadotDOT,6.13,0.0101,0.0336,0.0006,9451887904.0,167063738.0
19,UNUS SED,LEOLEO,9.74,0.0014000000000000002,0.0006,0.0062,9004130250.0,529573.0
20,LitecoinLTC,LitecoinLTC,116.51,0.0125,0.0574,0.0179,8792155954.0,662385465.0
21,Bitget,TokenBGB,7.08,0.0123,0.0753,0.0673,8490381396.0,369650723.0
22,Bitcoin,CashBCH,423.71,0.0055000000000000005,0.0528,0.0084,8398456255.0,233429831.0
23,HyperliquidHYPE,HyperliquidHYPE,21.71,0.0317,0.0643,0.1168,7250159605.0,127400843.0
24,UniswapUNI,UniswapUNI,11.48,0.0023,0.053200000000000004,0.1225,6895365440.0,250262284.0
25,Ethena,USDeUSDe,1.0,0.0001,0.0002,0.0022,5767427755.0,55292238.0
26,PepePEPE,PepePEPE,1.369e-05,0.0278,0.09570000000000001,0.11289999999999999,5760786298.0,644664591.0
27,NEAR,ProtocolNEAR,4.7,0.0155,0.052000000000000005,0.0313,5534193578.0,190097860.0
28,OFFICIAL,TRUMPTRUMP,27.34,0.0068000000000000005,0.0809,0.4268,5468665725.0,3748777382.0
29,DaiDAI,DaiDAI,1.0,0.0,0.0001,0.0002,5366084679.0,175347072.0
30,AaveAAVE,AaveAAVE,316.19,0.0045000000000000005,0.036699999999999997,0.0462,4759277021.0,331328910.0
31,MANTRAOM,MANTRAOM,4.6,0.0212,0.0242,0.2816,4426810564.0,521701242.0
32,AptosAPT,AptosAPT,7.63,0.028300000000000002,0.0647,0.0858,4369685780.0,146011927.0
33,OndoONDO,OndoONDO,1.38,0.0002,0.0629,0.029900000000000003,4345315685.0,343189421.0
34,Internet,ComputerICP,8.71,0.0152,0.0587,0.0977,4180935152.0,109843100.0
35,MoneroXMR,MoneroXMR,221.16,0.0091,0.0063,0.1177,4079697615.0,46680063.0
36,Ethereum,ClassicETC,26.55,0.0129,0.0147,0.0596,3995490029.0,161304720.0
37,MantleMNT,MantleMNT,1.14,0.011200000000000002,0.049699999999999994,0.2158,3835041743.0,70783406.0
38,POL,(ex-MATIC)POL,0.4325,0.0062,0.0105,0.011399999999999999,3664693570.0,142545080.0
39,VeChainVET,VeChainVET,0.04505,0.0096,0.06570000000000001,0.013000000000000001,3648247364.0,74252782.0
40,CronosCRO,CronosCRO,0.1337,0.0086,0.0346,0.046,3553361284.0,19904557.0
41,BittensorTAO,BittensorTAO,430.86,0.0062,0.0304,0.021,3539575232.0,258159145.0
42,RenderRENDER,RenderRENDER,6.68,0.0105,0.0481,0.019299999999999998,3455979252.0,68738397.0
43,KaspaKAS,KaspaKAS,0.1279,0.0070999999999999995,0.0353,0.0348,3276054407.0,44514448.0
44,OKBOKB,OKBOKB,53.32,0.018500000000000003,0.0358,0.0554,3198969054.0,3497764.0
45,AlgorandALGO,AlgorandALGO,0.3799,0.0089,0.060599999999999994,0.026600000000000002,3189185523.0,181013711.0
46,FilecoinFIL,FilecoinFIL,4.8,0.0151,0.0424,0.0181,2990140310.0,153308629.0
47,ArbitrumARB,ArbitrumARB,0.6671,0.0168,0.048600000000000004,0.0152,2897666825.0,171912526.0
48,Artificial Superintelligence,AllianceFET,1.16,0.0159,0.042800000000000005,0.015,2833640487.0,127606146.0
49,CosmosATOM,CosmosATOM,6.04,0.013600000000000001,0.0286,0.044800000000000006,2360297330.0,174357871.0
50,EthenaENA,EthenaENA,0.7717,0.0086,0.1047,0.0496,2340420775.0,325612646.0
51,GateTokenGT,GateTokenGT,24.6,0.020499999999999997,0.0327,0.2492,2183211232.0,27108846.0
52,CelestiaTIA,CelestiaTIA,4.23,0.031,0.0761,0.06309999999999999,2132610273.0,71114586.0
53,ImmutableIMX,ImmutableIMX,1.18,0.016,0.0478,0.032400000000000005,2053109098.0,34327620.0
54,BonkBONK,BonkBONK,2.676e-05,0.0194,0.0861,0.1164,2049259153.0,166335836.0
55,RaydiumRAY,RaydiumRAY,7.0,0.043,0.1038,0.1216,2036999940.0,115972368.0
56,OptimismOP,OptimismOP,1.5,0.0453,0.0894,0.0984,2022376608.0,171059000.0
57,StacksSTX,StacksSTX,1.32,0.0115,0.057999999999999996,0.0429,1989774460.0,41610090.0
58,InjectiveINJ,InjectiveINJ,19.86,0.0197,0.0384,0.012199999999999999,1965245194.0,87958019.0
59,Theta,NetworkTHETA,1.92,0.0129,0.0438,0.0163,1921980156.0,17532167.0
60,WorldcoinWLD,WorldcoinWLD,1.97,0.0141,0.06849999999999999,0.0524,1874567767.0,201321899.0
61,Lido,DAOLDO,2.07,0.014499999999999999,0.026600000000000002,0.3049,1852100089.0,251309638.0
62,First Digital,USDFDUSD,0.9999,0.0002,0.0005,0.0023,1837626683.0,3635456719.0
63,JupiterJUP,JupiterJUP,1.06,0.0111,0.10279999999999999,0.1326,1784165982.0,1470174616.0
64,The,GraphGRT,0.179,0.0146,0.023799999999999998,0.0733,1708845059.0,73160138.0
65,DeXeDEXE,DeXeDEXE,19.65,0.0027,0.0123,0.1235,1645007658.0,23304219.0
66,MovementMOVE,MovementMOVE,0.704,0.0197,0.008100000000000001,0.0285,1619231049.0,97641822.0
67,KuCoin,TokenKCS,13.09,0.011399999999999999,0.008199999999999999,0.2564,1605974522.0,1580134.0
68,Pudgy,PenguinsPENGU,0.0245,0.015700000000000002,0.0521,0.02,1539965487.0,361253087.0
69,XDC,NetworkXDC,0.09997,0.0294,0.1045,0.1821,1492857711.0,60924775.0
70,Sonic (prev.,FTM)S,0.5144,0.0015,0.046799999999999994,0.014499999999999999,1481334590.0,93761502.0
71,SeiSEI,SeiSEI,0.3303,0.0265,0.0548,0.0204,1464258044.0,96606377.0
72,Virtuals,ProtocolVIRTUAL,2.24,0.0271,0.0981,0.1245,1443822136.0,140888766.0
73,FlareFLR,FlareFLR,0.02471,0.013600000000000001,0.0584,0.0542,1411149081.0,11909266.0
74,JasmyCoinJASMY,JasmyCoinJASMY,0.02635,0.019,0.0278,0.0101,1302877741.0,97085457.0
75,The,SandboxSAND,0.5292,0.0124,0.049699999999999994,0.0241,1294423763.0,93566912.0
76,QuantQNT,QuantQNT,105.56,0.0027,0.0184,0.0231,1274416773.0,30333997.0
77,FLOKIFLOKI,FLOKIFLOKI,0.0001281,0.018600000000000002,0.0712,0.08779999999999999,1230778501.0,154090840.0
77,21.05%1.49%,21.05%1.49%,297.0,,,,40.09,
78,OnyxcoinXCN,OnyxcoinXCN,0.03935,0.19760000000000003,0.1653,2.9326,1211726007.0,1704097818.0
79,EOSEOS,EOSEOS,0.7719,0.0075,0.0443,0.0348,1190820493.0,120650778.0
80,dogwifhatWIF,dogwifhatWIF,1.19,0.0217,0.0741,0.1818,1189759886.0,152957333.0
81,KaiaKAIA,KaiaKAIA,0.1979,0.0106,0.0437,0.043899999999999995,1173431470.0,20161956.0
81,11.90%24.78%,11.90%24.78%,55.0,,,,7.0,
82,Ethereum Name,ServiceENS,32.71,0.0058,0.038,0.0040999999999999995,1158253114.0,81974839.0
83,TezosXTZ,TezosXTZ,1.11,0.0132,0.0467,0.08109999999999999,1136423779.0,31236161.0
84,GalaGALA,GalaGALA,0.03022,0.0227,0.0707,0.06559999999999999,1113381569.0,80501925.0
85,IOTAIOTA,IOTAIOTA,0.3063,0.0213,0.0592,0.04019999999999999,1106498731.0,37804336.0
86,Pyth,NetworkPYTH,0.3004,0.0174,0.056100000000000004,0.0311,1089115596.0,49007446.0
87,FartcoinFARTCOIN,FartcoinFARTCOIN,1.05,0.07,0.2504,0.47909999999999997,1048038574.0,207927245.0
88,MakerMKR,MakerMKR,1188.55,0.009399999999999999,0.0393,0.056299999999999996,1058149495.0,129755101.0
89,SPX6900SPX,SPX6900SPX,1.13,0.021099999999999997,0.0857,0.19920000000000002,1054245080.0,31674535.0
90,FlowFLOW,FlowFLOW,0.6558,0.011899999999999999,0.045899999999999996,0.0229,1022642519.0,27003678.0
91,BitTorrent,[New]BTT,0.051044,0.006999999999999999,0.0294,0.0070999999999999995,1010894855.0,26340036.0
92,Bitcoin,SVBSV,50.31,0.0018,0.0433,0.0006,997024593.0,49444542.0
93,AIOZ,NetworkAIOZ,0.8661,0.023799999999999998,0.1209,0.0273,998548224.0,137985412.0
94,Curve DAO,TokenCRV,0.7598,0.0113,0.056299999999999996,0.0528,968393969.0,122390442.0
95,NeoNEO,NeoNEO,13.54,0.0111,0.0392,0.0269,954782511.0,25973002.0
96,ArweaveAR,ArweaveAR,13.92,0.0159,0.0463,0.0738,913778936.0,25059291.0
97,NexoNEXO,NexoNEXO,1.41,0.0069,0.0194,0.08560000000000001,912498710.0,9409125.0
98,THORChainRUNE,THORChainRUNE,2.57,0.0139,0.0509,0.20149999999999998,901294551.0,322453170.0
99,DecentralandMANA,DecentralandMANA,0.4511,0.011200000000000002,0.0533,0.0040999999999999995,876238317.0,57368599.0
100,Axie,InfinityAXS,5.48,0.0148,0.045700000000000005,0.0354,866609711.0,31806418.0
101,StarknetSTRK,StarknetSTRK,0.3573,0.0225,0.045700000000000005,0.0434,864446842.0,48028576.0
102,ai16zAI16Z,ai16zAI16Z,0.756,0.0203,0.1301,0.0354,831598448.0,98363581.0
103,JitoJTO,JitoJTO,2.89,0.012199999999999999,0.0034000000000000002,0.0008,828393670.0,68716594.0
104,PolygonMATIC,PolygonMATIC,0.433,0.0077,0.0069,0.0128,828698089.0,6783407.0
105,BeamBEAM,BeamBEAM,0.01658,0.018600000000000002,0.0919,0.1948,820183070.0,44497070.0
105,30.68%23.78%,30.68%23.78%,338.0,,,,0.8949,
106,MultiversXEGLD,MultiversXEGLD,29.14,0.0154,0.041299999999999996,0.0672,810092563.0,17655079.0
107,10.96%5.44%,10.96%5.44%,266.0,,,,0.0005284,
107,dYdX,(Native)DYDX,1.11,0.013500000000000002,0.0356,0.0069,802748146.0,23059360.0
108,Brett,(Based)BRETT,0.08068,0.031,0.0738,0.1107,799565040.0,36766987.0
109,CoreCORE,CoreCORE,0.8031,0.0115,0.0334,0.0215,752038346.0,29153092.0
109,9.70%36.85%,9.70%36.85%,45.0,,,,0.3799,
110,USDDUSDD,USDDUSDD,0.9964,0.0001,0.0013,0.0019,744327623.0,2462407.0
111,ZcashZEC,ZcashZEC,44.92,0.0005,0.042199999999999994,0.0297,733529409.0,105591456.0
112,ApeCoinAPE,ApeCoinAPE,0.9698,0.0121,0.0232,0.0213,729925186.0,74929196.0
113,Aerodrome,FinanceAERO,0.9581,0.0,0.0471,0.1426,723090955.0,41096066.0
114,33.74%22.37%,33.74%22.37%,491.0,,,,0.06581,
114,ConfluxCFX,ConfluxCFX,0.1474,0.0171,0.0239,0.0091,711891020.0,35511864.0
115,FTX,TokenFTT,2.14,0.0105,0.028399999999999998,0.07440000000000001,703527498.0,20723932.0
116,Reserve,RightsRSR,0.0125,0.027200000000000002,0.002,0.0429,686380598.0,56723097.0
117,AmpAMP,AmpAMP,0.008092,0.014499999999999999,0.0487,0.1297,681633949.0,120118254.0
118,Tether,GoldXAUt,2752.07,0.0007000000000000001,0.0027,0.024300000000000002,678451272.0,4051803.0
119,ChilizCHZ,ChilizCHZ,0.07111,0.016,0.045899999999999996,0.0466,666023136.0,39291897.0
120,Akash,NetworkAKT,2.66,0.026099999999999998,0.0381,0.030600000000000002,661275060.0,7592400.0
121,MorphoMORPHO,MorphoMORPHO,3.03,0.0163,0.0274,0.0955,656634653.0,44783957.0
122,HeliumHNT,HeliumHNT,3.67,0.0126,0.061200000000000004,0.1928,649265375.0,11633684.0
123,eCashXEC,eCashXEC,3.239e-05,0.0053,0.044800000000000006,0.0079,641802023.0,29347203.0
124,CompoundCOMP,CompoundCOMP,72.09,0.0086,0.04019999999999999,0.0933,639395585.0,42178297.0
125,RoninRON,RoninRON,1.6,0.0006,0.011200000000000002,0.0199,628274299.0,18117363.0
126,EigenLayerEIGEN,EigenLayerEIGEN,2.62,0.014199999999999999,0.0705,0.019,616498228.0,66350297.0
127,WormholeW,WormholeW,0.2172,0.0184,0.0429,0.031,616090214.0,30411882.0
127,15.08%5.65%,15.08%5.65%,405.0,,,,0.4406,
128,PendlePENDLE,PendlePENDLE,3.59,0.0275,0.0358,0.0022,591195968.0,80270229.0
129,MinaMINA,MinaMINA,0.4794,0.014199999999999999,0.0218,0.0418,580428659.0,24207629.0
130,PancakeSwapCAKE,PancakeSwapCAKE,1.99,0.0068000000000000005,0.06269999999999999,0.0691,576191857.0,44732801.0
131,GnosisGNO,GnosisGNO,220.57,0.0072,0.0263,0.0415,570688284.0,6540442.0
132,PAX,GoldPAXG,2757.23,0.0002,0.0036,0.026600000000000002,560222798.0,10070112.0
133,ZKsyncZK,ZKsyncZK,0.1474,0.0141,0.037599999999999995,0.0556,541560164.0,39864621.0
134,AxelarAXL,AxelarAXL,0.5932,0.025699999999999997,0.0791,0.024,536487465.0,12265452.0
135,Gigachad,(gigachadsolana.com)GIGA,0.05618,0.0192,0.109,0.26489999999999997,522597528.0,19829973.0
136,SynthetixSNX,SynthetixSNX,1.53,0.0154,0.04,0.028399999999999998,519499141.0,25258459.0
137,Mog,CoinMOG,0.051286,0.0126,0.1057,0.21030000000000001,502263195.0,27139947.0
138,TrueUSDTUSD,TrueUSDTUSD,0.9981,0.0004,0.0003,0.0002,494599024.0,55922730.0
139,aixbt by,VirtualsAIXBT,0.5761,0.0125,0.12619999999999998,0.1018,492281498.0,142557656.0
140,APENFTNFT,APENFTNFT,0.064921,0.005600000000000001,0.0354,0.0483,492096649.0,29514216.0
141,NotcoinNOT,NotcoinNOT,0.004794,0.024399999999999998,0.0377,0.0662,491196171.0,31832331.0
142,PayPal,USDPYUSD,0.9997,0.0001,0.0001,0.0001,486643320.0,17954740.0
143,GrassGRASS,GrassGRASS,1.95,0.011899999999999999,0.0758,0.11800000000000001,475359076.0,24501330.0
144,4.83%12.47%,4.83%12.47%,154.0,,,,2.44,
144,KavaKAVA,KavaKAVA,0.4368,0.0141,0.0426,0.0062,472946810.0,16927541.0
145,SuperVerseSUPER,SuperVerseSUPER,0.9329,0.0134,0.060899999999999996,0.1225,468185959.0,17376680.0
146,VeThor,TokenVTHO,0.005288,0.003,0.142,1.325,452323685.0,430466271.0
147,OasisROSE,OasisROSE,0.06275,0.0168,0.026099999999999998,0.06509999999999999,443284598.0,30205452.0
148,1inch,Network1INCH,0.3093,0.009399999999999999,0.0154,0.0629,432459504.0,25349090.0
149,Trust Wallet,TokenTWT,1.03,0.0085,0.0209,0.0728,430030103.0,15995021.0
150,SafeSAFE,SafeSAFE,0.8089,0.0167,0.0137,0.0179,426642417.0,34825218.0
151,LivepeerLPT,LivepeerLPT,11.33,0.0165,0.0593,0.0699,426099912.0,28605994.0
152,Terra,ClassicLUNC,7.677e-05,0.024,0.0621,0.0781,422590084.0,16301248.0
153,Theta,FuelTFUEL,0.06172,0.0045000000000000005,0.034300000000000004,0.003,421170355.0,6064828.0
154,Official Melania,MemeMELANIA,2.44,0.0204,0.1374,0.8040999999999999,420869388.0,116706813.0
155,KusamaKSM,KusamaKSM,25.95,0.024,0.0554,0.0169,416005248.0,12736462.0
156,BlurBLUR,BlurBLUR,0.1923,0.0175,0.0291,0.0067,416333205.0,27634815.0
157,CreditcoinCTC,CreditcoinCTC,0.9868,0.0036,0.0341,0.027200000000000002,411593975.0,11132319.0
158,cat in a dogs,worldMEW,0.004578,0.019799999999999998,0.0521,0.13849999999999998,406966485.0,25099890.0
159,DashDASH,DashDASH,33.56,0.0102,0.0516,0.0506,406893564.0,40895419.0
160,Nervos,NetworkCKB,0.008884,0.018600000000000002,0.0489,0.0393,406510141.0,23406952.0
161,ORDIORDI,ORDIORDI,19.32,0.015300000000000001,0.053399999999999996,0.0594,405731219.0,47447732.0
162,LayerZeroZRO,LayerZeroZRO,3.65,0.0271,0.08349999999999999,0.1017,401143614.0,37333026.0
163,io.netIO,io.netIO,2.95,0.021099999999999997,0.0725,0.033,398001010.0,99962865.0
164,Popcat,(SOL)POPCAT,0.4022,0.0013,0.0583,0.1637,394153827.0,40236135.0
165,AstarASTR,AstarASTR,0.05174,0.0052,0.0329,0.0256,387518498.0,10787980.0
166,0.52%23.63%,0.52%23.63%,449.0,,,,5.16,
166,TurboTURBO,TurboTURBO,0.005374,0.058600000000000006,0.08460000000000001,0.12539999999999998,370830772.0,63874340.0
166,5.04%10.57%,5.04%10.57%,7.0,,,,1.0,
167,ZilliqaZIL,ZilliqaZIL,0.019,0.0103,0.0341,0.0215,369688826.0,17932060.0
168,JUSTJST,JUSTJST,0.03738,0.0053,0.0302,0.0318,370015583.0,42329012.0
169,MX,TokenMX,3.85,0.0055000000000000005,0.0092,0.0802,365230577.0,40312479.0
170,HoloHOT,HoloHOT,0.002081,0.0258,0.0603,0.0538,364036221.0,14923901.0
171,0x,ProtocolZRX,0.426,0.015600000000000001,0.0329,0.0373,361412788.0,59929010.0
172,ether.fiETHFI,ether.fiETHFI,1.63,0.0183,0.0567,0.0594,357393924.0,49406112.0
173,OriginTrailTRAC,OriginTrailTRAC,0.6987,0.008199999999999999,0.0977,0.0919,349365598.0,2758817.0
174,Echelon,PrimePRIME,9.72,0.013300000000000001,0.046,0.1937,347799076.0,5827623.0
175,Baby Doge,CoinBabyDoge,0.082114,0.018600000000000002,0.0602,0.0105,346107233.0,35399415.0
176,Basic Attention,TokenBAT,0.2249,0.011000000000000001,0.0269,0.0083,336404448.0,63367785.0
177,AethirATH,AethirATH,0.05448,0.015300000000000001,0.044000000000000004,0.0407,336271335.0,21131345.0
178,SafePalSFP,SafePalSFP,0.6871,0.0014000000000000002,0.0036,0.0068000000000000005,334937635.0,9468904.0
179,GolemGLM,GolemGLM,0.3299,0.0023,0.032799999999999996,0.0216,329891230.0,13261548.0
179,22.69%49.05%,22.69%49.05%,244.0,,,,17.98,
180,SushiSwapSUSHI,SushiSwapSUSHI,1.25,0.024399999999999998,0.055,0.0571,328459484.0,41327798.0
181,SPACE,IDID,0.3634,0.013600000000000001,0.044800000000000006,0.0528,319645422.0,13186893.0
182,Convex,FinanceCVX,3.26,0.0225,0.0675,0.1176,318914264.0,15725851.0
183,WEMIXWEMIX,WEMIXWEMIX,0.7515,0.0011,0.008199999999999999,0.0181,312855834.0,1899649.0
184,CeloCELO,CeloCELO,0.5528,0.0087,0.0361,0.0394,309307631.0,21421205.0
185,WOOWOO,WOOWOO,0.1657,0.0189,0.042300000000000004,0.0524,308731709.0,13438518.0
186,GasGAS,GasGAS,4.73,0.0036,0.0189,0.0229,307187061.0,10239751.0
187,IoTeXIOTX,IoTeXIOTX,0.03239,0.027999999999999997,0.0473,0.037599999999999995,305827865.0,12838195.0
188,QtumQTUM,QtumQTUM,2.85,0.0088,0.0379,0.0322,300553321.0,40858801.0
189,Bio,ProtocolBIO,0.2276,0.0259,0.0712,0.0892,295134138.0,48035630.0
190,AnimecoinANIME,AnimecoinANIME,0.05266,0.0371,0.0978,0.7117,291679555.0,291901350.0
191,HorizenZEN,HorizenZEN,18.39,0.0087,0.0858,0.1814,291164240.0,21199567.0
192,SKALESKL,SKALESKL,0.05045,0.011899999999999999,0.1463,0.2238,290436069.0,333517330.0
193,SiacoinSC,SiacoinSC,0.005236,0.0048,0.0253,0.0159,290319293.0,25462876.0
194,AnkrANKR,AnkrANKR,0.02891,0.0095,0.0462,0.0644,289107643.0,16969003.0
195,HarmonyONE,HarmonyONE,0.01997,0.0172,0.0649,0.07769999999999999,287191323.0,9730992.0
196,OsmosisOSMO,OsmosisOSMO,0.4012,0.0209,0.039599999999999996,0.0097,283800337.0,7801658.0
197,ZetaChainZETA,ZetaChainZETA,0.4467,0.0195,0.0512,0.08960000000000001,283371852.0,15098183.0
198,Moca,NetworkMOCA,0.1719,0.0222,0.0462,0.042199999999999994,280812694.0,36179307.0
199,MemecoinMEME,MemecoinMEME,0.007629,0.028900000000000002,0.060899999999999996,0.0906,280709328.0,33112737.0
200,Enjin,CoinENJ,0.1552,0.0179,0.0583,0.0746,278930880.0,25252526.0
201,FasttokenFTN,FasttokenFTN,3.9,0.0002,0.0013,0.0183,1702048607.0,60012051.0
202,Solana,SwapSOS,1.41,0.0172,0.07400000000000001,0.01,1405906180.0,3580782.0
203,Usual,USDUSD0,0.9987,0.0001,0.0,0.0003,1228810099.0,20255549.0
204,ZeebuZBU,ZeebuZBU,4.23,0.0022,0.0069,0.0232,1094298946.0,3626832.0
205,FellazFLZ,FellazFLZ,2.06,0.0123,0.0033,0.0339,973488276.0,8879230.0
206,ShibaBitcoinSHIBTC,ShibaBitcoinSHIBTC,9.7,0.019299999999999998,0.0001,0.02,838380400.0,3008035.0
207,24.00%73.07%,24.00%73.07%,249.0,,,,0.8,
207,Meta Games,CoinMGC,0.705,0.0019,0.0123,0.0832,775520213.0,354361.0
208,FraxFRAX,FraxFRAX,0.9971,0.0001,0.0002,0.0037,647572260.0,2194910.0
208,62.20%65.19%,62.20%65.19%,270.0,,,,21.81,
209,TelcoinTEL,TelcoinTEL,0.006537,0.0029,0.023,0.0199,600530711.0,3145332.0
210,DeepBook,ProtocolDEEP,0.2157,0.0012,0.1843,0.19760000000000003,599308748.0,48768844.0
211,ToshiTOSHI,ToshiTOSHI,0.001421,0.018000000000000002,0.35619999999999996,2.7119,579675960.0,408086726.0
212,NewtonNEW,NewtonNEW,0.01324,0.0151,0.2645,3.2505,559300471.0,16123662.0
213,BeldexBDX,BeldexBDX,0.07734,0.0042,0.0073,0.012199999999999999,534654000.0,5933470.0
214,UltimaULTIMA,UltimaULTIMA,13999.65,0.003,0.0011,0.475,523712793.0,6827020.0
215,insuranceINSURANCE,insuranceINSURANCE,27.44,0.0017000000000000001,0.004,0.09849999999999999,513047576.0,51244.0
216,SnekSNEK,SnekSNEK,0.006423,0.0126,0.0453,0.1975,477795824.0,2894703.0
217,ChintaiCHEX,ChintaiCHEX,0.4738,0.024700000000000003,0.0705,0.0443,473332086.0,2420663.0
218,CheeleeCHEEL,CheeleeCHEEL,8.12,0.0021,0.014199999999999999,0.008,461066883.0,3857672.0
219,Ondo US Dollar,YieldUSDY,1.07,0.0,0.0005,0.0007000000000000001,378677392.0,803085.0
220,Dog,(Bitcoin)DOG,0.003633,0.0029,0.0821,0.0861,363298749.0,18136984.0
221,GRIFFAINGRIFFAIN,GRIFFAINGRIFFAIN,0.3513,0.022099999999999998,0.19640000000000002,0.20670000000000002,351234942.0,60987481.0
222,12.41%3.39%,12.41%3.39%,18.0,,,,6.13,
222,MimbleWimbleCoinMWC,MimbleWimbleCoinMWC,31.77,0.0040999999999999995,0.050499999999999996,0.12359999999999999,348583141.0,26475.0
223,Akuma,Inu$AKUMA,0.0005148,0.024399999999999998,0.0557,0.3455,343199682.0,6732434.0
224,FreysaFAI,FreysaFAI,0.04143,0.0412,0.1142,0.2345,339288774.0,1084309.0
225,SwissBorgBORG,SwissBorgBORG,0.3327,0.01,0.018500000000000003,0.0311,327159046.0,2172795.0
226,Destra,NetworkDSYNC,0.3142,0.0346,0.0113,0.0674,304509298.0,6639847.0
227,TribeTRIBE,TribeTRIBE,0.5454,0.0033,0.1235,0.0527,297173282.0,85557.0
228,UXLINKUXLINK,UXLINKUXLINK,0.8711,0.0327,0.0202,0.057999999999999996,294618143.0,195313978.0
229,Vine,CoinVINE,0.2905,0.0929,0.2408,0.5619,290454383.0,1051278031.0
230,VanaVANA,VanaVANA,9.17,0.027200000000000002,0.08070000000000001,0.0040999999999999995,275888226.0,25083429.0
231,EthereumPoWETHW,EthereumPoWETHW,2.52,0.0095,0.0449,0.0617,271268097.0,5821332.0
232,SATS,(Ordinals)SATS,0.061291,0.0225,0.0956,0.2493,271063112.0,35919658.0
233,Peanut the,SquirrelPNUT,0.2712,0.014499999999999999,0.1354,0.3153,271126692.0,125305062.0
234,RavencoinRVN,RavencoinRVN,0.01834,0.009899999999999999,0.0178,0.018799999999999997,270754616.0,6590586.0
235,aelfELF,aelfELF,0.3643,0.0127,0.0358,0.0236,269115818.0,12360103.0
236,DriftDRIFT,DriftDRIFT,0.9746,0.018500000000000003,0.0098,0.0499,268154153.0,52259469.0
237,ArkhamARKM,ArkhamARKM,1.19,0.021,0.046900000000000004,0.0024,267494539.0,54271164.0
238,Elixir,deUSDDEUSD,0.9999,0.0001,0.0002,0.0008,263166288.0,5801453.0
239,AI Rig,ComplexARC,0.2597,0.0418,0.28800000000000003,0.312,259697737.0,49043271.0
240,Metars,GenesisMRS,3.08,0.0027,0.0189,0.0197,259339919.0,52414.0
241,GMTGMT,GMTGMT,0.09801,0.0227,0.0379,0.0702,258293250.0,77504975.0
242,ThresholdT,ThresholdT,0.02535,0.0066,0.0387,0.0139,255356833.0,11621846.0
243,QubicQUBIC,QubicQUBIC,0.052252,0.004,0.042699999999999995,0.0421,254538464.0,4555752.0
244,ChiaXCH,ChiaXCH,17.98,0.025699999999999997,0.049800000000000004,0.042199999999999994,250985709.0,6191528.0
245,Magic,EdenME,1.9,0.024399999999999998,0.052300000000000006,0.0583,246693532.0,24074555.0
246,BOOK OF,MEMEBOME,0.003576,0.0291,0.0834,0.1946,246547097.0,61061160.0
247,AevoAEVO,AevoAEVO,0.2712,0.0235,0.048,0.0192,244693493.0,73801819.0
248,ClearpoolCPOOL,ClearpoolCPOOL,0.3323,0.0253,0.018600000000000002,0.0652,243210422.0,5033292.0
249,KadenaKDA,KadenaKDA,0.8,0.028999999999999998,0.019799999999999998,0.026099999999999998,242202467.0,14425942.0
250,Spell,TokenSPELL,0.001546,0.0751,0.4573,0.6689,240207218.0,563214511.0
251,dYdX,(ethDYDX)ETHDYDX,1.11,0.0137,0.0366,0.011399999999999999,239114893.0,46414750.0
252,yearn.financeYFI,yearn.financeYFI,7097.3,0.0129,0.0608,0.0496,238798038.0,17315467.0
253,BazaarsBZR,BazaarsBZR,20.0,0.004,0.028900000000000002,0.0146,233466569.0,719649.0
254,ConstellationDAG,ConstellationDAG,0.08105,0.009899999999999999,0.0231,0.3224,232903568.0,2810422.0
255,Manta,NetworkMANTA,0.6175,0.0279,0.06509999999999999,0.0444,233197210.0,38039223.0
256,GravityG,GravityG,0.02747,0.0083,0.018799999999999997,0.053200000000000004,232339848.0,12078486.0
257,TerraLUNA,TerraLUNA,0.3269,0.02,0.050499999999999996,0.04650000000000001,232098877.0,26515747.0
258,peaqPEAQ,peaqPEAQ,0.3501,0.0253,0.024,0.0444,232023868.0,28453673.0
259,Frax,ShareFXS,2.64,0.011899999999999999,0.0286,0.0966,230224738.0,16445817.0
260,DymensionDYM,DymensionDYM,1.02,0.0313,0.0646,0.055,228493505.0,282271095.0
261,Mask,NetworkMASK,2.28,0.014499999999999999,0.0483,0.0764,227599296.0,25787230.0
262,HiveHIVE,HiveHIVE,0.4761,0.1702,0.11779999999999999,0.1967,238402550.0,94104349.0
263,XYOXYO,XYOXYO,0.01655,0.0108,0.18359999999999999,0.0542,222990470.0,20319378.0
264,BiconomyBICO,BiconomyBICO,0.2422,0.0177,0.027000000000000003,0.038599999999999995,223780743.0,25606581.0
265,PolymeshPOLYX,PolymeshPOLYX,0.2425,0.0241,0.041100000000000005,0.0232,223492588.0,23921897.0
266,Neiro (First Neiro On,Ethereum)NEIRO,0.0005284,0.0208,0.0542,0.0492,222283784.0,68098339.0
267,LoopringLRC,LoopringLRC,0.161,0.0182,0.0292,0.054000000000000006,220031911.0,20513863.0
268,PAAL,AIPAAL,0.2532,0.0101,0.11710000000000001,0.22089999999999999,219936497.0,6027492.0
269,Goatseus,MaximusGOAT,0.2174,0.0116,0.1139,0.1431,217355754.0,45208538.0
270,GMXGMX,GMXGMX,21.81,0.01,0.021099999999999997,0.0473,216760105.0,13144098.0
271,Polyhedra,NetworkZKJ,1.91,0.0013,0.0036,0.006500000000000001,215209278.0,5628794.0
272,NEMXEM,NEMXEM,0.0238,0.0239,0.015600000000000001,0.0462,214179422.0,19568607.0
273,MetaplexMPLX,MetaplexMPLX,0.2838,0.0022,0.0229,0.0966,214471488.0,1737990.0
274,ssv.networkSSV,ssv.networkSSV,18.05,0.0126,0.0395,0.0363,213252412.0,18423362.0
275,AvailAVAIL,AvailAVAIL,0.108,0.0072,0.0049,0.0113,210819111.0,3081375.0
276,MetisMETIS,MetisMETIS,33.86,0.016,0.042,0.062,209911953.0,13065313.0
277,Sun,[New]SUN,0.02113,0.0062,0.036699999999999997,0.0098,207031627.0,38119155.0
278,GoМiningGOMINING,GoМiningGOMINING,0.4892,0.0015,0.0023,0.042300000000000004,201857211.0,11688040.0
279,PolymathPOLY,PolymathPOLY,0.2178,0.0121,0.7959,0.1884,201425623.0,112640.0
280,DecredDCR,DecredDCR,12.13,0.0031,0.0335,0.0454,201214096.0,1969151.0
281,Solana Name,ServiceFIDA,0.2029,0.0207,0.0453,0.1105,201076300.0,23634391.0
282,OntologyONT,OntologyONT,0.2197,0.0102,0.023799999999999998,0.0138,200523853.0,38496408.0
283,OrblerORBR,OrblerORBR,0.1942,0.0048,0.039900000000000005,0.1247,197187473.0,82835.0
284,StaikaSTIK,StaikaSTIK,4.18,0.0034999999999999996,0.1739,1.6003999999999998,195926175.0,2216800.0
285,Band,ProtocolBAND,1.25,0.016200000000000003,0.0335,0.0055000000000000005,195365283.0,19107266.0
286,Alchemy,PayACH,0.02261,0.0235,0.0964,0.1387,195032759.0,46003906.0
287,ChainGPTCGPT,ChainGPTCGPT,0.2415,0.0072,0.034300000000000004,0.08560000000000001,192105761.0,42731191.0
288,Open,CampusEDU,0.4662,0.0123,0.0443,0.0748,191494938.0,7007021.0
289,Unicorn Fart,DustUFD,0.1886,0.0691,0.12,0.33659999999999995,188616198.0,23074612.0
290,UMAUMA,UMAUMA,2.23,0.0208,0.0466,0.1235,188495302.0,15187626.0
291,UsualUSUAL,UsualUSUAL,0.3378,0.0102,0.0409,0.0998,189242680.0,63702428.0
292,CasperCSPR,CasperCSPR,0.01473,0.0111,0.0253,0.0408,188518467.0,12180126.0
293,Act I : The AI,ProphecyACT,0.1983,0.0040999999999999995,0.002,0.248,187997171.0,91091341.0
294,SolarSXP,SolarSXP,0.297,0.013000000000000001,0.029900000000000003,0.0096,187549113.0,17439235.0
295,TARS,AITAI,0.2703,0.0083,0.0301,0.0102,186939565.0,6517234.0
296,FluxFLUX,FluxFLUX,0.4895,0.0134,0.0273,0.044800000000000006,185361369.0,14287384.0
297,GoldPro,TokenGPRO,40.09,0.0003,0.061399999999999996,0.3895,185462368.0,210332.0
298,AltlayerALT,AltlayerALT,0.07287,0.0236,0.0731,0.1266,185267434.0,20392020.0
299,DigiByteDGB,DigiByteDGB,0.01056,0.0077,0.0909,0.006999999999999999,184858254.0,7350029.0
300,LCXLCX,LCXLCX,0.2372,0.022000000000000002,0.0040999999999999995,0.0892,183012262.0,2643438.0
301,LCXLCX,LCXLCX,0.2372,0.0191,0.0055000000000000005,0.0898,183012184.0,2643437.0
302,Rocket,PoolRPL,8.62,0.021,0.0458,0.039900000000000005,181694322.0,14708825.0
303,HivemapperHONEY,HivemapperHONEY,0.05776,0.0149,0.09119999999999999,0.057999999999999996,180437704.0,1099822.0
304,WavesWAVES,WavesWAVES,1.55,0.0152,0.0438,0.026600000000000002,180930006.0,17359967.0
305,XaiXAI,XaiXAI,0.1722,0.0287,0.0661,0.0629,177495398.0,85064255.0
306,STPSTPT,STPSTPT,0.09183,0.050499999999999996,0.2511,0.36469999999999997,178364341.0,490739230.0
307,Rollbit,CoinRLB,0.07843,0.0009,0.0361,0.07429999999999999,177566525.0,725497.0
308,SologenicSOLO,SologenicSOLO,0.4412,0.0027,0.0521,0.04019999999999999,176468508.0,1538362.0
309,WAXWAXP,WAXWAXP,0.04036,0.0098,0.0347,0.0054,174365400.0,14190458.0
310,StorjSTORJ,StorjSTORJ,0.4339,0.014499999999999999,0.0392,0.0349,173805628.0,18352313.0
311,AudiusAUDIO,AudiusAUDIO,0.1332,0.015,0.0231,0.0028000000000000004,172136855.0,33270951.0
312,Hamster,KombatHMSTR,0.002665,0.0241,0.0493,0.0446,171558504.0,13884130.0
313,COTICOTI,COTICOTI,0.09554,0.0242,0.0666,0.0553,171233692.0,15059866.0
314,Decentralized,SocialDESO,19.26,0.0235,0.0222,0.9278,171127184.0,450401.0
315,MoonbeamGLMR,MoonbeamGLMR,0.1813,0.0134,0.0483,0.0179,171257427.0,6992291.0
316,ICONICX,ICONICX,0.1633,0.0092,0.0338,0.0129,170574778.0,8087261.0
317,VeloVELO,VeloVELO,0.02284,0.0096,0.0746,0.0574,168816611.0,29217287.0
318,Humans.aiHEART,Humans.aiHEART,0.03002,0.0187,0.0872,0.2352,167792451.0,489371.0
319,Across,ProtocolACX,0.3987,0.015700000000000002,0.0444,0.0559,167149372.0,12773642.0
320,IlluviumILV,IlluviumILV,30.82,0.019,0.0447,0.0767,165075066.0,10925956.0
321,CoW,ProtocolCOW,0.5595,0.025,0.0842,0.1684,165406478.0,11010676.0
322,HarryPotterObamaSonic10Inu,(ERC-20)BITCOIN,0.162,0.0148,0.0092,0.0195,161921634.0,5336261.0
323,Wilder,WorldWILD,0.4173,0.0116,0.0158,0.0698,161628747.0,839611.0
324,VVS,FinanceVVS,0.053388,0.0042,0.0354,0.0385,161634194.0,300248.0
325,Phala,NetworkPHA,0.2071,0.0154,0.0818,0.156,160842507.0,26900944.0
326,StatusSNT,StatusSNT,0.04004,0.0042,0.060599999999999994,0.0192,159967518.0,8935886.0
327,DOGSDOGS,DOGSDOGS,0.0003091,0.030699999999999998,0.055999999999999994,0.0928,159748199.0,56306842.0
328,ZIGChainZIG,ZIGChainZIG,0.1116,0.003,0.0079,0.005699999999999999,159998684.0,6678047.0
329,ZentryZENT,ZentryZENT,0.0247,0.019799999999999998,0.030299999999999997,0.046900000000000004,155725054.0,5636092.0
330,OrcaORCA,OrcaORCA,2.9,0.020099999999999996,0.0553,0.1925,154381356.0,53354924.0
331,Bitcoin,GoldBTG,6.03,0.3124,0.10339999999999999,0.4071,105651641.0,8969561.0
331,6.38%19.85%,6.38%19.85%,187.0,,,,0.03239,
332,NanoXNO,NanoXNO,1.15,0.0049,0.0821,0.0171,153356356.0,2109170.0
333,Cheems,(cheems.pet)CHEEMS,0.068122,0.0084,0.037599999999999995,0.2559,152275087.0,9022630.0
334,UPCXUPC,UPCXUPC,2.98,0.0019,0.0008,0.045599999999999995,152091679.0,775937.0
335,BalancerBAL,BalancerBAL,2.45,0.012199999999999999,0.053399999999999996,0.0663,151318085.0,10546510.0
336,World Mobile,TokenWMTX,0.3073,0.0007000000000000001,0.0148,0.0662,151165946.0,13014274.0
337,BlastBLAST,BlastBLAST,0.006035,0.026699999999999998,0.0565,0.1888,149703044.0,15860744.0
338,LiskLSK,LiskLSK,0.8949,0.0025,0.0177,0.0129,148795550.0,25416483.0
338,24.06%58.88%,24.06%58.88%,196.0,,,,0.4012,
339,ZanoZANO,ZanoZANO,11.06,0.0026,0.1469,0.21050000000000002,148607731.0,815265.0
339,0.22%0.01%,0.22%0.01%,209.0,,,,0.006537,
340,MAGA,(magamemecoin.com)TRUMP,3.37,0.0154,0.2851,0.9229,148423925.0,4045859.0
341,VergeXVG,VergeXVG,0.008945,0.0194,0.0843,0.155,147788444.0,7909590.0
342,USDJUSDJ,USDJUSDJ,1.14,0.0004,0.0069,0.0032,147436354.0,336171.0
343,PowerledgerPOWR,PowerledgerPOWR,0.2631,0.0036,0.0287,0.0805,147288120.0,23510119.0
344,MarlinPOND,MarlinPOND,0.01811,0.0108,0.0812,0.0849,146467801.0,13957673.0
345,MythosMYTH,MythosMYTH,0.1899,0.004,0.041299999999999996,0.1042,146710377.0,122772.0
346,BORABORA,BORABORA,0.1315,0.0173,0.018799999999999997,0.027000000000000003,144572721.0,2529249.0
347,LiquityLQTY,LiquityLQTY,1.54,0.0013,0.0509,0.1374,145642372.0,21871454.0
348,Dogelon,MarsELON,0.062618,0.0131,0.1387,0.17079999999999998,143879990.0,21581724.0
349,Non-Playable,CoinNPC,0.0198,0.0256,0.0373,0.13269999999999998,144671678.0,7174148.0
350,Big,TimeBIGTIME,0.09162,0.0207,0.0694,0.0876,144288151.0,53648396.0
351,PepeCoinPEPECOIN,PepeCoinPEPECOIN,1.36,0.006500000000000001,0.006999999999999999,0.1291,144489214.0,5346857.0
352,Huobi,TokenHT,0.8839,0.0141,0.0242,0.1986,143404954.0,131559.0
353,ConstitutionDAOPEOPLE,ConstitutionDAOPEOPLE,0.02841,0.0341,0.06849999999999999,0.11939999999999999,143743706.0,45022388.0
354,IQIQ,IQIQ,0.007106,0.012,0.018500000000000003,0.030600000000000002,143433748.0,15966146.0
355,Ski Mask,DogSKI,0.1427,0.036699999999999997,0.0152,0.1354,141197045.0,20941995.0
356,CivicCVC,CivicCVC,0.1426,0.0088,0.0338,0.030600000000000002,142629789.0,15626981.0
357,Hey,AnonANON,11.43,0.07139999999999999,0.2391,0.2955,144725138.0,19783040.0
358,Vanar,ChainVANRY,0.07601,0.0225,0.0407,0.1175,141111183.0,10248615.0
359,DelysiumAGI,DelysiumAGI,0.1305,0.0051,0.0547,0.07339999999999999,140665663.0,7304272.0
360,TaikoTAIKO,TaikoTAIKO,1.31,0.011899999999999999,0.045599999999999995,0.0144,140051749.0,12016328.0
361,Yield Guild,GamesYGG,0.3279,0.0292,0.0736,0.1041,138655138.0,40617718.0
362,0x0.ai0x0,0x0.ai0x0,0.1585,0.0171,0.08460000000000001,0.1508,137680830.0,1194842.0
363,Bitkub,CoinKUB,1.98,0.0059,0.0031,0.0042,136247799.0,508717.0
364,Ozone,ChainOZO,0.1962,0.0004,0.0347,0.0654,136373600.0,217605.0
365,BounceBitBB,BounceBitBB,0.2762,0.0236,0.047599999999999996,0.0276,136157003.0,16757379.0
366,PixelsPIXEL,PixelsPIXEL,0.1113,0.0245,0.0575,0.0571,136157535.0,18905632.0
367,Banana,GunBANANA,38.56,0.027000000000000003,0.076,0.1573,132954042.0,33097622.0
367,11.18%5.47%,11.18%5.47%,289.0,,,,0.1886,
368,Stratis,[New]STRAX,0.07226,0.013600000000000001,0.026699999999999998,0.048600000000000004,133810279.0,9018654.0
369,ChromiaCHR,ChromiaCHR,0.1579,0.024300000000000002,0.09910000000000001,0.1082,132339637.0,15853706.0
370,Sleepless,AIAI,0.5056,0.030299999999999997,0.0911,0.0622,132079582.0,25420666.0
371,STASIS,EUROEURS,1.06,0.0040999999999999995,0.0102,0.033,131792519.0,15091.0
372,RadixXRD,RadixXRD,0.01237,0.008,0.0453,0.20550000000000002,131797606.0,2520172.0
373,iExec,RLCRLC,1.82,0.01,0.0055000000000000005,0.006500000000000001,131512449.0,9087723.0
374,15.13%1.65%,15.13%1.65%,150.0,,,,0.8089,
374,IOSTIOST,IOSTIOST,0.006153,0.0072,0.0262,0.0113,131141480.0,13726439.0
375,Cetus,ProtocolCETUS,0.2014,0.0179,0.06,0.1782,129515799.0,16092319.0
376,JOEJOE,JOEJOE,0.3388,0.0259,0.008199999999999999,0.0809,129620451.0,14762995.0
377,MVLMVL,MVLMVL,0.004927,0.0258,0.0064,0.0925,128125826.0,34519152.0
378,0.05%0.01%,0.05%0.01%,143.0,,,,1.95,
378,Apu,ApustajaAPU,0.0003794,0.0298,0.0711,0.1301,128188810.0,6729926.0
379,ArcblockABT,ArcblockABT,1.3,0.0187,0.0125,0.26489999999999997,128553375.0,1931398.0
380,Moo Deng,(moodengsol.com)MOODENG,0.1299,0.0038,0.0508,0.0821,128634266.0,124789909.0
381,AleoALEO,AleoALEO,0.4054,0.0197,0.1184,0.19899999999999998,126188644.0,9970626.0
382,TellorTRB,TellorTRB,47.68,0.0202,0.0506,0.050499999999999996,126160321.0,20347630.0
383,CentrifugeCFG,CentrifugeCFG,0.245,0.0106,0.055099999999999996,0.10880000000000001,126045648.0,1013062.0
384,ScrollSCR,ScrollSCR,0.6632,0.0322,0.0583,0.12619999999999998,126005062.0,13151936.0
385,VenusXVS,VenusXVS,7.62,0.0069,0.0232,0.11380000000000001,125759523.0,9744770.0
386,SagaSAGA,SagaSAGA,1.15,0.0277,0.0635,0.10640000000000001,125637269.0,17512080.0
387,Keep,NetworkKEEP,0.1312,0.0018,0.040999999999999995,0.006999999999999999,125146481.0,11441.0
388,Smooth Love,PotionSLP,0.00302,0.0125,0.0348,0.0236,124411794.0,11261699.0
389,Adventure,GoldAGLD,1.62,0.0339,0.0204,0.0416,125282427.0,58291547.0
390,dKargoDKA,dKargoDKA,0.02636,0.0096,0.0207,0.0737,123534459.0,4813451.0
391,Omni,NetworkOMNI,7.45,0.032400000000000005,0.1259,0.158,122510908.0,20791608.0
392,Ontology,GasONG,0.3,0.0378,0.0508,0.0096,121092197.0,6779958.0
393,ErgoERG,ErgoERG,1.51,0.0,0.023399999999999997,0.049800000000000004,119802963.0,112653.0
394,DevveDEVVE,DevveDEVVE,1.34,0.0202,0.0151,0.050199999999999995,117795103.0,1121638.0
395,CARVCARV,CARVCARV,0.6584,0.0009,0.0096,0.04,117075221.0,6332134.0
396,Simon's,CatCAT,1.722e-05,0.0294,0.0473,0.18350000000000002,116259828.0,22163986.0
397,Satoshi,AirlineJET,1.05,0.0,0.0064,0.0374,115719422.0,1591129.0
398,NosanaNOS,NosanaNOS,2.4,0.015300000000000001,0.009399999999999999,0.0808,115668073.0,2535466.0
399,Access,ProtocolACS,0.002857,0.0098,0.0691,0.0292,115776643.0,4015917.0
400,DentDENT,DentDENT,0.00115,0.023,0.0362,0.0353,115001940.0,8039825.0
401,Stronghold,TokenSHX,0.0198,0.0129,0.0728,0.29510000000000003,114690746.0,3333134.0
402,IAGONIAG,IAGONIAG,0.3039,0.0144,0.057699999999999994,0.1167,114269878.0,775363.0
403,Coin98C98,Coin98C98,0.1266,0.014499999999999999,0.023399999999999997,0.0349,114071828.0,11714922.0
404,CartesiCTSI,CartesiCTSI,0.1334,0.0115,0.017,0.0087,113967688.0,14475924.0
405,Pundi X,(New)PUNDIX,0.4406,0.0015,0.0104,0.0167,113901740.0,8462168.0
406,SmarDexSDEX,SmarDexSDEX,0.01275,0.0029,0.063,0.1893,113781482.0,3202195.0
407,SteemSTEEM,SteemSTEEM,0.2336,0.0338,0.0475,0.0895,112532320.0,46852490.0
408,Celer,NetworkCELR,0.01443,0.0235,0.0401,0.0331,112024446.0,7996712.0
409,AVAAVA,AVAAVA,0.112,0.0008,0.1636,0.311,111973018.0,33289685.0
410,ArchLootAL,ArchLootAL,0.1886,0.0313,0.10220000000000001,0.1419,111931156.0,7298313.0
411,pippinPIPPIN,pippinPIPPIN,0.111,0.0148,0.2157,0.2816,111046785.0,35610122.0
412,DegenDEGEN,DegenDEGEN,0.007738,0.0318,0.10869999999999999,0.0068000000000000005,109723517.0,60574012.0
412,10.14%27.85%,10.14%27.85%,171.0,,,,0.426,
413,Maple,FinanceSYRUP,0.1447,0.015300000000000001,0.005,0.21489999999999998,109259039.0,2069022.0
414,ZerebroZEREBRO,ZerebroZEREBRO,0.1113,0.009899999999999999,0.1216,0.1734,108950762.0,19758880.0
415,Mr,MigglesMIGGLES,0.1132,0.003,0.0034000000000000002,1.3296999999999999,108366439.0,26801320.0
416,MiL.kMLK,MiL.kMLK,0.2546,0.0055000000000000005,0.0297,0.0147,108143295.0,4266734.0
417,Mr,MintMNT,0.3074,0.0005,0.0373,0.19899999999999998,107554849.0,384205.0
418,API3API3,API3API3,1.24,0.0137,0.047,0.0495,107188211.0,13265496.0
419,OrbsORBS,OrbsORBS,0.0267,0.0075,0.0348,0.0070999999999999995,106507229.0,6362949.0
419,16.53%7.33%,16.53%7.33%,182.0,,,,3.26,
420,SwftCoinSWFTC,SwftCoinSWFTC,0.02657,0.054000000000000006,1.1416,2.8269,106426585.0,257817525.0
421,OasysOAS,OasysOAS,0.02926,0.027000000000000003,0.0137,0.054000000000000006,106004325.0,1534896.0
422,Bitcoin,GoldBTG,6.03,0.3124,0.10339999999999999,0.4071,105651641.0,8969561.0
423,MediBlocMED,MediBlocMED,0.01098,0.0166,0.01,0.07629999999999999,104795952.0,2149660.0
424,OrchidOXT,OrchidOXT,0.1052,0.0028000000000000004,0.004699999999999999,0.0040999999999999995,103120028.0,8244095.0
425,GameBuildGAME,GameBuildGAME,0.006159,0.028300000000000002,0.0277,0.079,102533844.0,23678401.0
426,ANDY,(ETH)ANDY,0.0001022,0.015300000000000001,0.1454,0.026099999999999998,102196360.0,2608232.0
427,PropyPRO,PropyPRO,1.02,0.0005,0.0338,0.0721,101942446.0,3391690.0
427,9.98%14.88%,9.98%14.88%,65.0,,,,19.65,
428,Fwog,(SOL)FWOG,0.1038,0.0192,0.1359,0.2718,101310648.0,32737160.0
429,Artificial Liquid,IntelligenceALI,0.01236,0.0011,0.08410000000000001,0.0258,101216326.0,1312278.0
430,PonkePONKE,PonkePONKE,0.1817,0.042300000000000004,0.0732,0.153,100926081.0,10122459.0
431,Vulcan Forged,(PYR)PYR,2.58,0.0066,0.08,0.012199999999999999,100290209.0,33835404.0
432,TreasureMAGIC,TreasureMAGIC,0.3444,0.029900000000000003,0.0404,0.073,100116589.0,21685295.0
433,CUDOSCUDOS,CUDOSCUDOS,0.01001,0.0,0.0664,0.0649,99218292.0,7510.0
434,48 Club,TokenKOGE,29.27,0.0003,0.0319,0.0308,99169377.0,34035.0
435,SwarmsSWARMS,SwarmsSWARMS,0.09886,0.0015,0.1198,0.047,98853899.0,38274644.0
435,18.61%502.92%,18.61%502.92%,22.0,,,,423.71,
436,SecretSCRT,SecretSCRT,0.3298,0.015700000000000002,0.0638,0.0273,98758268.0,2239979.0
437,AlturaALU,AlturaALU,0.09971,0.0012,0.0855,0.1698,98716505.0,32010962.0
438,NumeraireNMR,NumeraireNMR,12.52,0.0148,0.044000000000000004,0.011000000000000001,98364524.0,12327066.0
439,ArkARK,ArkARK,0.5271,0.0087,0.034300000000000004,0.025,98218261.0,24523256.0
440,Kyber Network Crystal,v2KNC,0.5229,0.0127,0.0255,0.006999999999999999,97528319.0,11710323.0
441,AuroraAURORA,AuroraAURORA,0.1708,0.0079,0.06,0.09609999999999999,97364445.0,1125543.0
442,BinaryXBNX,BinaryXBNX,0.2634,0.035699999999999996,0.054400000000000004,0.1048,97271994.0,3989089.0
443,37.16%60.50%,37.16%60.50%,390.0,,,,0.02636,
443,Seedify.fundSFUND,Seedify.fundSFUND,1.5,0.0022,0.061500000000000006,0.1208,97014108.0,799236.0
444,Cookie,DAOCOOKIE,0.2991,0.024300000000000002,0.1199,0.1386,96475588.0,15504717.0
445,Landwolf,0x67WOLF,0.0001063,0.0329,0.1435,0.038900000000000004,95937386.0,5083007.0
446,ZircuitZRC,ZircuitZRC,0.06425,0.011899999999999999,0.0233,0.0075,95839720.0,34724968.0
447,MetFiMETFI,MetFiMETFI,0.4688,0.0017000000000000001,0.0034000000000000002,0.0981,95307103.0,399825.0
448,LimitusLMT,LimitusLMT,0.1145,0.052199999999999996,0.22519999999999998,0.2833,95068164.0,1578343.0
449,PromPROM,PromPROM,5.16,0.0179,0.0519,0.077,94249088.0,5394432.0
450,OraichainORAI,OraichainORAI,6.79,0.0059,0.0641,0.111,93924628.0,3828879.0
451,Tokenlon Network,TokenLON,0.7992,0.0003,0.0092,0.0058,93733444.0,54600.0
452,Metal,DAOMTL,1.19,0.0023,0.0375,0.0415,93214705.0,7032217.0
453,GameStop,(gamestop-coin.vip)GME,0.0002261,0.0783,0.09230000000000001,0.11109999999999999,92993104.0,1260775.0
454,PortalPORTAL,PortalPORTAL,0.2097,0.0329,0.059500000000000004,0.0836,92510294.0,16753951.0
455,NetMind,TokenNMT,2.75,0.0096,0.0128,0.1572,92133141.0,2553344.0
456,inSure,DeFiSURE,0.003423,0.0001,0.0024,0.3265,91701372.0,345422.0
457,EURCEURC,EURCEURC,1.05,0.0009,0.0012,0.015300000000000001,91652430.0,16354387.0
458,WINkLinkWIN,WINkLinkWIN,9.191e-05,0.0016,0.0262,0.0105,91328005.0,28464697.0
459,BasedAIBASEDAI,BasedAIBASEDAI,2.64,0.0123,0.0432,0.29760000000000003,91189088.0,1073383.0
460,USDBUSDB,USDBUSDB,1.0,0.0068000000000000005,0.0029,0.0003,90643025.0,6713022.0
461,Velodrome,FinanceVELO,0.1006,0.024399999999999998,0.07400000000000001,0.0711,90502981.0,9077655.0
462,Bitget Wallet,TokenBWB,0.6312,0.0001,0.0125,0.16190000000000002,90207620.0,3881.0
462,59.60%413.69%,59.60%413.69%,234.0,,,,0.01834,
463,MoonriverMOVR,MoonriverMOVR,9.59,0.0216,0.0599,0.029300000000000003,89979738.0,4433908.0
464,BitMart,TokenBMX,0.2773,0.0015,0.0017000000000000001,0.046799999999999994,89925152.0,4299499.0
465,SynapseSYN,SynapseSYN,0.4558,0.0127,0.0438,0.16690000000000002,89746385.0,8133013.0
466,NeutronNTRN,NeutronNTRN,0.2886,0.019799999999999998,0.034300000000000004,0.042300000000000004,89630476.0,2783268.0
467,Lift,DollarUSDL,0.9999,0.0,0.0002,0.0002,88226122.0,
468,RequestREQ,RequestREQ,0.1143,0.0026,0.0387,0.0339,87932139.0,2832782.0
469,Pepe,UnchainedPEPU,0.01335,0.0051,0.0434,0.2991,87436851.0,4362198.0
470,Assemble,AIASM,0.05809,0.026699999999999998,0.0783,0.0282,86895655.0,8048063.0
471,AlephiumALPH,AlephiumALPH,0.8614,0.0045000000000000005,0.0317,0.0689,87031385.0,1069883.0
472,AI,CompanionsAIC,0.1158,0.0019,0.09119999999999999,0.131,86858226.0,5841331.0
473,Cobak,TokenCBK,0.9551,0.0603,0.0235,0.0046,86979477.0,76089881.0
474,ECOMIOMI,ECOMIOMI,0.0003181,0.0147,0.0102,0.0746,86558793.0,381831.0
475,BraintrustBTRST,BraintrustBTRST,0.358,0.0013,0.0087,0.0334,86414292.0,124052.0
476,Tokamak,NetworkTOKAMAK,1.97,0.056600000000000004,0.0444,0.1014,86241174.0,54706207.0
477,ArdorARDR,ArdorARDR,0.08627,0.0087,0.0398,0.0182,86135393.0,10894240.0
478,ANyONe,ProtocolANYONE,0.8791,0.0487,0.0591,0.2297,85600933.0,1305760.0
479,NeuralAINEURAL,NeuralAINEURAL,8.56,0.0342,0.1975,0.0008,85579139.0,499141.0
480,CyberCYBER,CyberCYBER,2.62,0.0273,0.07400000000000001,0.027999999999999997,85562578.0,12673145.0
481,dForceDF,dForceDF,0.08541,0.0051,0.0070999999999999995,0.06509999999999999,85407621.0,21842581.0
482,Osaka,ProtocolOSAK,0.061135,0.012199999999999999,0.0466,0.0874,85252856.0,165176.0
483,Node,AIGPU,0.8946,0.0079,0.10400000000000001,0.2086,85050024.0,1237424.0
484,TerraClassicUSDUSTC,TerraClassicUSDUSTC,0.01523,0.0195,0.0354,0.0288,84691560.0,4538231.0
485,Verum,CoinVERUM,900.86,0.0028000000000000004,0.0006,0.006999999999999999,84144726.0,62806.0
486,SuilendSEND,SuilendSEND,1.73,0.0337,0.0797,0.2263,84113433.0,1777987.0
487,Realio,NetworkRIO,0.6623,0.012,0.0091,0.0417,84087131.0,3290141.0
488,ApeX,ProtocolAPEX,1.51,0.004,0.0103,0.0139,83632037.0,43822359.0
489,AutonolasOLAS,AutonolasOLAS,0.8267,0.054000000000000006,0.0141,0.2228,83421481.0,816946.0
490,Acala,TokenACA,0.07131,0.018500000000000003,0.0751,0.0529,83199553.0,9486611.0
491,TrueFiTRU,TrueFiTRU,0.06581,0.034,0.0548,0.0337,83033342.0,14823139.0
492,PaycoinPCI,PaycoinPCI,0.08241,0.003,0.0059,0.0121,83051002.0,609978.0
493,Bounce,TokenAUCTION,12.56,0.0167,0.042,0.0101,82769718.0,26161466.0
494,Bone,ShibaSwapBONE,0.3601,0.006999999999999999,0.0617,0.0239,82796639.0,4016534.0
495,HighstreetHIGH,HighstreetHIGH,1.16,0.006500000000000001,0.0318,0.032400000000000005,82534325.0,13357702.0
496,SymbolXYM,SymbolXYM,0.01347,0.0033,0.0199,0.1164,82435285.0,418731.0
497,APF,coinAPFC,1.02,0.0024,0.008100000000000001,0.2241,81964074.0,1902082.0
498,Solv,ProtocolSOLV,0.05565,0.0013,0.0967,0.25489999999999996,82504133.0,91910149.0
499,Rootstock Infrastructure,FrameworkRIF,0.08095,0.0179,0.0425,0.0421,80951938.0,1930376.0
500,DuskDUSK,DuskDUSK,0.1675,0.0232,0.0229,0.0673,80494478.0,12153097.0
