Moneda,Descripción,Ranking,Capitalización de mercado,Capitalización de mercado - Divisa,Cantidad de transacciones,Volumen de transacciones,Volumen de transacciones en USD,Volumen de transacciones en USD - Divisa,Media de transacciones en USD,Media de transacciones en USD - Divisa,Grandes transacciones,Volumen de transacciones grandes en USD,Volumen de transacciones grandes en USD - Divisa
BTC,Bitcoin,1,2015833794290.8901,USD,383258,536778.8400298,53032501384.14116,USD,138372.84905766134,USD,20074,51703907658.39025,USD
ETH,Ethereum,2,346686026876.4262,USD,1112055,3093026.130920742,9141253148.368399,USD,8220.144820506539,USD,8334,7903423488.573497,USD
XRP,XRP,3,156480980955.5538,USD,2069640,,4691203087.48972,USD,,,,,
USDT,Tether USDt,4,139538645552.84302,USD,152699,7020050399.0043125,7018076442.266937,USD,45960.199099319165,USD,7167,6174451943.691717,USD
SOL,Solana,5,105889439873.14832,USD,,,,,,,,,
BNB,BNB,6,87585594278.65921,USD,,,,,,,,,
USDC,USDC,7,54371104307.528755,USD,115014,11053755582.467196,11053855263.123892,USD,96108.7803495565,USD,9301,10152474200.410578,USD
DOGE,Dogecoin,8,42868002371.81696,USD,57608,,983435123.7155664,USD,,,,,
ADA,Cardano,9,28874911034.158703,USD,57257,,11115455670.673502,USD,,,,,
TRX,TRON,10,19785121979.61281,USD,6129194,,353264793.51252496,USD,,,,,
LINK,Chainlink,11,13976303652.827387,USD,9545,16563480.865571259,337560231.62233967,USD,35365.136890763715,USD,724,234602880.71596107,USD
AVAX,Avalanche,12,11781524912.279879,USD,391137,16154673.654685918,472362657.66301626,USD,1207.66549230325,USD,806,253742382.20640764,USD
SUI,Sui,13,11546235785.879713,USD,,,,,,,,,
XLM,Stellar,14,11284041478.456688,USD,1772377,,103379943.71130806,USD,,,,,
HBAR,Hedera,15,10603548002.878387,USD,,,,,,,,,
TON,Toncoin,16,10283599915.506664,USD,,913993.9018129433,,,7718.210548702344,USD,3,1830518.408247334,USD
SHIB,Shiba Inu,17,9900056129.527454,USD,7110,6197231269605.8,95818357.56637794,USD,13476.562245622777,USD,215,66440194.95271108,USD
LEO,UNUS SED LEO,18,9045878654.7172,USD,11,351.92479966709675,3433.9062327516967,USD,312.17329388651785,USD,0,0,USD
HYPE,Hyperliquid,19,8395288373.379999,USD,,,,,,,,,
LTC,Litecoin,20,8169546381.645317,USD,188755,86137354.65510932,9708971929.950647,USD,51436.89931366399,USD,3260,8884842882.609299,USD
DOT,Polkadot,21,8111692101.464248,USD,,,,,,,,,
BGB,Bitget Token,22,7886880000,USD,,,,,,,,,
BCH,Bitcoin Cash,23,6991691434.5,USD,18255,776867.2643545,292393416.6214249,USD,16017.168809719253,USD,447,226269974.33726767,USD
USDE,Ethena USDe,24,6043209021.934246,USD,,,,,,,,,
UNI,Uniswap,25,6070997154.033016,USD,3186,12021091.30193338,109891546.64435834,USD,34492.01087393545,USD,178,78589355.30578013,USD
OM,MANTRA,26,5871274314.883953,USD,,,,,,,,,
DAI,Dai,27,5359319820.210861,USD,6934,1595841925.6064694,1596632897.940991,USD,230261.45052509246,USD,882,1532677270.010053,USD
PEPE,Pepe,28,4758465527.889941,USD,,14262038216067.455,,,21293.907526398583,USD,327,95506136.68517496,USD
ONDO,Ondo,29,4516891944.9642,USD,,,,,,,,,
NEAR,NEAR Protocol,30,4466578440.352,USD,,,,,,,,,
AAVE,Aave,31,4270441082.079413,USD,3624,658047.3544475519,168676420.38777578,USD,46544.26611141716,USD,379,119273496.89941034,USD
XMR,Monero,32,4192022590.7504954,USD,24925,,,,,,,,
MNT,Mantle,33,4144294071.3401365,USD,,,,,,,,,
TRUMP,OFFICIAL TRUMP,34,3992400000,USD,,,,,,,,,
APT,Aptos,35,3731917112.8314695,USD,,,,,,,,,
ICP,Internet Computer,36,3704406783.042698,USD,55443,,37949250.55041978,USD,,,,,
ETC,Ethereum Classic,37,3337632366.967219,USD,22781,,20119545.20301411,USD,,,,,
VET,VeChain,38,3188381071.13849,USD,,,,,,,,,
TAO,Bittensor,39,3210184056.3199997,USD,,,,,,,,,
CRO,Cronos,40,3037660818.7667203,USD,707,80327493.93878277,9221596.30417226,USD,13043.276243525122,USD,15,6333756.405769935,USD
OKB,OKB,41,2967960000,USD,36,738.7710035127956,36443.573603286204,USD,1012.3214889801724,USD,0,0,USD
POL,POL (ex-MATIC),42,2963081201.617229,USD,,,,,,,,,
KAS,Kaspa,43,2915175002.0984716,USD,,,,,,,,,
RENDER,Render,44,2657232170.122876,USD,,,,,,,,,
ALGO,Algorand,45,2638731742.664882,USD,1324203,177414335.354775,53101973.8318307,USD,40.10108256198687,USD,54,7562671.149315205,USD
JUP,Jupiter,46,2607662203.8344316,USD,,,,,,,,,
FIL,Filecoin,47,2228398473.5796,USD,,,,,,,,,
ARB,Arbitrum,48,2230964379.38066,USD,,,,,,,,,
FET,Artificial Superintelligence Alliance,49,2130468407.5105686,USD,,,,,,,,,
ENA,Ethena,50,2189061875,USD,,,,,,,,,
DEXE,DeXe,51,1981298468.4975915,USD,,18923.774664156823,,,3546.135443484973,USD,0,0,USD
GT,GateToken,52,1970458509.6163335,USD,,,,,,,,,
ATOM,Cosmos,53,1939268212.3624,USD,,,,,,,,,
RAY,Raydium,54,1847935105.9784727,USD,,,,,,,,,
FDUSD,First Digital USD,55,1773548809.712724,USD,,,,,,,,,
TIA,Celestia,56,1793193042.1595857,USD,,,,,,,,,
LDO,Lido DAO,57,1719749216.2493312,USD,1900,28765023.886573777,54199023.98142245,USD,28525.8020954855,USD,90,24211197.640234124,USD
OP,Optimism,58,1630173156.21,USD,,349742932.69187355,,,5117.846458119195,USD,481,236537844.84250507,USD
INJ,Injective,59,1603032240.83577,USD,679,329772.2959979173,5093745.567512056,USD,7501.83441459802,USD,7,1498471.2469344782,USD
STX,Stacks,60,1593763699.8411412,USD,,,,,,,,,
BONK,Bonk,61,1550956805.597579,USD,,,,,,,,,
KCS,KuCoin Token,62,1577110100.1626222,USD,84,42776.650956,536762.6011900118,USD,6390.03096654776,USD,0,0,USD
THETA,Theta Network,63,1572500000,USD,,,,,,,,,
IMX,Immutable,64,1563805253.1127377,USD,1040,14757093.173845572,13015826.79894927,USD,12515.21807591276,USD,14,6545327.172643887,USD
MOVE,Movement,65,1542909000,USD,,,,,,,,,
XDC,XDC Network,66,1485795610.4663553,USD,,,,,,,,,
GRT,The Graph,67,1428364828.4560633,USD,1477,88318334.93055953,12730141.207650436,USD,8618.917540724737,USD,19,4389628.8597569,USD
WLD,Worldcoin,68,1421073582.599253,USD,,,,,,,,,
S,Sonic (prev. FTM),69,1360080000,USD,,,,,,,,,
JASMY,JasmyCoin,70,1328784921.3242552,USD,,,,,,,,,
FLR,FLARE,71,1308942827.9230917,USD,,,,,,,,,
QNT,Quant,72,1160673031.32,USD,1481,160204.9868901381,15467791.484242836,USD,10444.153601784494,USD,10,9477929.560893973,USD
SEI,Sei,73,1140163374.77136,USD,,,,,,,,,
SAND,The Sandbox,74,1065562115.6104527,USD,1217,59117258.29440661,24166876.515691824,USD,19857.74569900725,USD,40,13447819.998740433,USD
ENS,Ethereum Name Service,75,1053555682.2293496,USD,1212,1365360.3077148166,38395429.64811069,USD,31679.397399431262,USD,66,20546633.291440457,USD
FLOKI,FLOKI,76,1032771346.1203369,USD,,94294257454.57487,,,10356.777112516911,USD,10,1914890.7480797565,USD
VIRTUAL,Virtuals Protocol,77,1024031773.2680788,USD,,,,,,,,,
EOS,EOS,78,1000568445.5330895,USD,1319328,,14845508.599856813,USD,,,,,
XTZ,Tezos,79,969607409.2780885,USD,,,,,,,,,
XCN,Onyxcoin,80,933099851.6391749,USD,,,,,,,,,
NEXO,Nexo,81,915847113.0131582,USD,362,1342535.5334384898,1792956.2049071032,USD,4952.917693113545,USD,0,0,USD
GALA,Gala,82,904951869.0552951,USD,69,6367491.1422532415,151648.70005920253,USD,2197.807247234819,USD,0,0,USD
BTT,BitTorrent-New,83,913270109.2912962,USD,,,,,,,,,
KAIA,Kaia,84,916486843.912225,USD,,,,,,,,,
JTO,Jito,85,903290730.9281598,USD,,,,,,,,,
IOTA,IOTA,86,893239576.63776,USD,,,,,,,,,
WIF,dogwifhat,87,873307162.0362109,USD,,,,,,,,,
FARTCOIN,Fartcoin,88,851088515.69904,USD,,,,,,,,,
MKR,Maker,89,880510355.49384,USD,902,21218.54600245563,22060922.278753117,USD,24457.78523143361,USD,45,12887766.020037746,USD
PENGU,Pudgy Penguins,90,845220885.8266778,USD,,,,,,,,,
SPX,SPX6900,91,843098032.4364914,USD,,,,,,,,,
BSV,Bitcoin SV,92,860118212.875,USD,,,,,,,,,
FLOW,Flow,93,838358198.4266297,USD,,,,,,,,,
NEO,Neo,94,828972341.9120001,USD,5635,,136973.84510883148,USD,,,,,
PYTH,Pyth Network,95,823234788.5237082,USD,,,,,,,,,
AR,Arweave,96,794920058.3280001,USD,,,,,,,,,
AERO,Aerodrome Finance,97,769394440.1983502,USD,,,,,,,,,
USDD,USDD,98,741232417.664195,USD,,0,,,0,USD,0,0,USD
CRV,Curve DAO Token,99,754027223.78205,USD,2865,79361314.54639755,44045626.444133736,USD,15373.691603537081,USD,84,18498167.23992709,USD
MELANIA,Official Melania Meme,100,728304914.8557585,USD,,,,,,,,,
RON,Ronin,101,723261351.4804434,USD,,,,,,,,,
DEEP,DeepBook Protocol,102,706885360,USD,,,,,,,,,
AXS,Axie Infinity,103,706497147.4588159,USD,651,1908801.368633507,8244938.243266978,USD,12665.035703943131,USD,16,2749622.919918475,USD
STRK,Starknet,104,713350180.0540721,USD,,,,,,,,,
AIOZ,AIOZ Network,105,681344058.2371408,USD,,,,,,,,,
XAUT,Tether Gold,106,692720113.8,USD,216,327.2831690000001,915404.6246644201,USD,4237.984373446389,USD,1,161240.78757320065,USD
MANA,Decentraland,107,687907941.1091598,USD,831,17142894.009267017,6076955.864693767,USD,7312.8229418697565,USD,7,1255982.4764247385,USD
EGLD,MultiversX,108,687341915.2906938,USD,,,,,,,,,
HNT,Helium,109,655490751.2089194,USD,,,,,,,,,
MATIC,Polygon,110,661480204.28952,USD,1228,58030939.91874323,20441398.586377304,USD,16646.090054053177,USD,21,18682096.41786726,USD
FTT,FTX Token,111,637596048.2522831,USD,137,150555.2687782302,292679.4425048795,USD,2136.346295656055,USD,0,0,USD
BRETT,Brett (Based),112,633214554.458525,USD,,,,,,,,,
BEAM,Beam,113,631136747.179512,USD,,,,,,,,,
CFX,Conflux,114,594163698.8137509,USD,,,,,,,,,
CHZ,Chiliz,115,589377613.98862,USD,450,79399670.18935785,4863626.797449116,USD,10808.059549886922,USD,5,1388822.9259461544,USD
ZEC,Zcash,116,581661917.68125,USD,1266,,8223065.621428789,USD,,,,,
W,Wormhole,117,581699637.3934,USD,,,,,,,,,
PAXG,PAX Gold,118,572817169.9115599,USD,1409,14760.004804997172,41667236.32640103,USD,29572.20463193828,USD,88,25727957.948825262,USD
APE,ApeCoin,119,575748302.9144,USD,1536,17965151.51271891,13464180.987943657,USD,8765.742830692485,USD,32,7020697.54945805,USD
AKT,Akash Network,120,577413444.0639496,USD,,,,,,,,,
KAVA,Kava,121,561871185.97056,USD,,,,,,,,,
XEC,eCash,122,550069272.9969738,USD,,,,,,,,,
RSR,Reserve Rights,123,534094534.54538697,USD,,,,,,,,,
MORPHO,Morpho,124,530028244.7681014,USD,,,,,,,,,
CORE,Core,125,528334794.8077465,USD,,,,,,,,,
RUNE,THORChain,126,511681147.262,USD,,,,,,,,,
COMP,Compound,127,514379172.25170904,USD,397,159501.2173511049,8876029.455823053,USD,22357.756815675195,USD,25,7826273.090681707,USD
PENDLE,Pendle,128,524712253.696593,USD,1411,4150227.9393349085,11099526.770636525,USD,7866.425776496473,USD,12,2832238.3300156826,USD
AI16Z,ai16z,129,497595645.7641561,USD,,,,,,,,,
AMP,Amp,130,499720607.77842146,USD,437,,3269685.5697506964,USD,,,,,
EIGEN,EigenLayer,131,529804357.546324,USD,,,,,,,,,
TUSD,TrueUSD,132,494113772.48511,USD,79,643256.971852832,642539.5484822998,USD,8133.412006105061,USD,0,0,USD
GIGA,Gigachad,133,496683677.935984,USD,,,,,,,,,
GNO,Gnosis,134,484288180.51375777,USD,231,10208.397987941265,1988493.8440710793,USD,8608.198459182162,USD,0,0,USD
PYUSD,PayPal USD,135,477489154.71980274,USD,,49074154.52905201,,,34825.25784313755,USD,50,46497552.340608425,USD
ZK,zkSync,136,453090750,USD,,,,,,,,,
MINA,Mina,137,459589645.6774421,USD,,,,,,,,,
VTHO,VeThor Token,138,447501084.6978672,USD,,,,,,,,,
CAKE,PancakeSwap,139,449555209.23905045,USD,,,,,,,,,
NFT,APENFT,140,443985560.09999996,USD,,,,,,,,,
SNX,Synthetix,141,432615746.9325641,USD,507,7740636.471568075,9733461.695805052,USD,19198.149301390637,USD,12,7024664.556624257,USD
TOSHI,Toshi,142,422261950.25399995,USD,,,,,,,,,
SUPER,SuperVerse,143,400941719.1150194,USD,,,,,,,,,
AXL,Axelar,144,410293256.6150453,USD,,,,,,,,,
MOG,MOG Coin,145,422824498.44133604,USD,,,,,,,,,
1INCH,1inch Network,146,389174769.01268065,USD,983,124145757.43669872,32999276.652233247,USD,33569.96607551703,USD,12,26497852.09351021,USD
LUNC,Terra Classic,147,372433182.5286551,USD,,,,,,,,,
ACH,Alchemy Pay,148,360312741.42969257,USD,,,,,,,,,
CTC,Creditcoin,149,368019939.65788996,USD,,,,,,,,,
GRASS,GRASS,150,357418520.3514,USD,,,,,,,,,
TFUEL,Theta Fuel,151,363033270.860625,USD,,,,,,,,,
TWT,Trust Wallet Token,152,363131220.345,USD,,,,,,,,,
ROSE,Oasis,153,346848914.6371,USD,,,,,,,,,
KSM,Kusama,154,345713525.73310614,USD,,,,,,,,,
SAFE,Safe,155,346303373.83739996,USD,,,,,,,,,
LPT,Livepeer,156,345254841.88106674,USD,404,417251.5803276518,3793065.7006978346,USD,9388.776486875828,USD,15,2281485.088278425,USD
MX,MX TOKEN,157,334058842.4454,USD,,,,,,,,,
JST,JUST,158,335303100.00000006,USD,,,,,,,,,
ZRO,LayerZero,159,332750000,USD,,,,,,,,,
QTUM,Qtum,160,329797175.2188,USD,,,,,,,,,
AIXBT,aixbt by Virtuals,161,319097696.1620252,USD,,,,,,,,,
BLUR,Blur,162,327216305.8336449,USD,,41193994.01323648,,,15623.83481217655,USD,9,2525502.0253347685,USD
DASH,Dash,163,326606489.5112272,USD,12519,,67502449.43123709,USD,,,,,
CKB,Nervos Network,164,323447385.3632948,USD,,,,,,,,,
NOT,Notcoin,165,319696444.57949823,USD,,,,,,,,,
SFP,SafePal,166,320136375,USD,,,,,,,,,
ASTR,Astar,167,314310769.14048797,USD,,,,,,,,,
MEW,cat in a dogs world,168,311813333.3302152,USD,,,,,,,,,
HOT,Holo,169,307575554.22254395,USD,,,,,,,,,
PRIME,Echelon Prime,170,309468766.3387,USD,,,,,,,,,
TURBO,Turbo,171,300646800,USD,,1693490114.5791254,,,5497.95820839792,USD,10,1976513.5301844291,USD
ZIL,Zilliqa,172,303576197.76018286,USD,,,,,,,,,
ORDI,ORDI,173,289758000,USD,,,,,,,,,
ZRX,0x Protocol,174,290864277.62372535,USD,442,9817793.671624618,3444572.909689497,USD,7793.151379388002,USD,3,865806.9873515504,USD
BAT,Basic Attention Token,175,287121534.7841917,USD,352,8631796.589981403,1690537.362147858,USD,4802.662960647323,USD,3,413612.1073871743,USD
WEMIX,WEMIX,176,283158692.8233414,USD,,,,,,,,,
TRAC,OriginTrail,177,283682181.64739674,USD,414,3584787.357405192,1838995.9143488638,USD,4442.019116784695,USD,3,308794.62864465156,USD
BABYDOGE,Baby Doge Coin,178,277917927.65399176,USD,,,,,,,,,
GLM,Golem,179,272830000,USD,212,6988658.3946824325,1872610.5043228148,USD,8833.06841661705,USD,4,1116466.2773561117,USD
MOCA,Moca Network,180,269571427.6684457,USD,,,,,,,,,
SATS,SATS (Ordinals),181,268065000.00000003,USD,,,,,,,,,
GAS,Gas,182,263862364.6269,USD,196,,193018.7696412352,USD,,,,,
ATH,Aethir,183,264397263.16777802,USD,,,,,,,,,
ETHFI,ether.fi,184,292394664.388,USD,,,,,,,,,
POPCAT,Popcat (SOL),185,251127928.28559598,USD,,,,,,,,,
CELO,Celo,186,256559904.58187997,USD,,,,,,,,,
SKL,SKALE,187,260797075.65366298,USD,330,116525097.41898341,5079458.049097085,USD,15392.297118476015,USD,9,1861106.7823497057,USD
SUSHI,SushiSwap,188,254902770.64861158,USD,636,4137868.3899383047,3940352.229761588,USD,6195.522373838975,USD,1,351179.6606263862,USD
SC,Siacoin,189,252393365.27159458,USD,,,,,,,,,
ID,SPACE ID,190,252092314.01677272,USD,,,,,,,,,
XYO,XYO,191,246988354.951284,USD,758,159766360.9769679,2798307.8125115926,USD,3691.698961097088,USD,1,148457.13999999998,USD
MASK,Mask Network,192,249480000,USD,,3817486.610928755,,,14964.05134338676,USD,8,1778687.0681123561,USD
ANKR,Ankr,193,245860000,USD,278,123524935.90363789,2891378.392691527,USD,10400.641700329234,USD,4,905524.6865051787,USD
CVX,Convex Finance,194,245736353.2098293,USD,779,3810200.083098282,9005725.315684283,USD,11560.622998311019,USD,10,3360669.508246317,USD
T,Threshold,195,241765103.4620191,USD,,,,,,,,,
WOO,WOO,196,239596500.52571386,USD,268,9166666.17716631,1148116.910980911,USD,4284.018324555637,USD,2,250498.24849972408,USD
ZETA,ZetaChain,197,236970464.17815,USD,,,,,,,,,
IO,io.net,198,236468242.97739998,USD,,,,,,,,,
RVN,Ravencoin,199,234316514.62321973,USD,,,,,,,,,
STETH,Lido Staked ETH,200,27226455029.214928,USD,2146,153665.49513360957,440362282.71428764,USD,205201.43649314428,USD,318,421624920.8548684,USD
WBTC,Wrapped Bitcoin,201,13154086599.731176,USD,14599,30036.12006077,2928556705.9152336,USD,200599.81546100648,USD,2435,2700681818.8568625,USD
WBETH,Wrapped Beacon ETH,202,6164306161.502934,USD,,,,,,,,,
WEETH,Wrapped eETH,203,5943534949.338508,USD,,,,,,,,,
BIT,BitDAO,204,2189542301.0059624,USD,57,,93605.16215607162,USD,,,,,
FTN,Fasttoken,205,1708443711.0593,USD,,,,,,,,,
MSOL,Marinade Staked SOL,206,1138373121.6000001,USD,,,,,,,,,
ZBU,ZEEBU,207,1015321075.774472,USD,,,,,,,,,
TEL,Telcoin,208,663008020.8470082,USD,0,0,276.46628892,USD,0,USD,0,0,USD
FRAX,Frax,209,647192892.8042616,USD,498,22221280.114520352,22141252.935094353,USD,44460.34725922561,USD,30,16681074.88344799,USD
KLAY,Klaytn,210,587972667.66736,USD,,,,,,,,,
BDX,Beldex,211,534891956.11464554,USD,,,,,,,,,
CHEEL,Cheelee,212,452613291.2500286,USD,,,,,,,,,
SNEK,Snek,213,411683332.7425287,USD,,,,,,,,,
DOG,Dog (Bitcoin),214,363010000,USD,,,,,,,,,
TRIBE,Tribe,215,310782329.13257164,USD,21,40969.41118292233,21755.87388523943,USD,1035.993994535211,USD,0,0,USD
ARC,AI Rig Complex,216,301449493.26255,USD,,,,,,,,,
BORG,Swissborg,217,301725484.57000566,USD,,,,,,,,,
OCEAN,Ocean Protocol,218,239028970.66613376,USD,124,688023.7674256276,248934.57268947412,USD,2007.5368765280173,USD,0,0,USD
ONE,Harmony,219,234599996.58658105,USD,,,,,,,,,
ACT,Act I : The AI Prophecy,220,229949663.7878171,USD,,,,,,,,,
ELF,aelf,221,227227714.2838966,USD,12,143473.30423388525,45925.80468526667,USD,3827.1503904388887,USD,0,0,USD
OSMO,Osmosis,222,229066398.57384086,USD,,,,,,,,,
ENJ,Enjin Coin,223,228087542.01696825,USD,161,1756084.5450114857,229871.4669420035,USD,1427.7730865962951,USD,0,0,USD
UXLINK,UXLINK,224,227216288,USD,,,,,,,,,
ZKJ,Polyhedra Network,225,227559815.652533,USD,,,,,,,,,
MPLX,Metaplex,226,223788714.39914,USD,,,,,,,,,
IOTX,IoTeX,227,220012223.135271,USD,81,3584481.251407779,83851.303338294,USD,1035.2012757814075,USD,0,0,USD
GRIFFAIN,GRIFFAIN,228,216504258.9136,USD,,,,,,,,,
CPOOL,Clearpool,229,221936118.82995072,USD,,,,,,,,,
QUBIC,QUBIC,230,221790767.29098523,USD,,,,,,,,,
ZEN,Horizen,231,221320210.05,USD,,,,,,,,,
ETHW,EthereumPoW,232,218355036.87591824,USD,,,,,,,,,
DRIFT,Drift,233,213148315.80414942,USD,,,,,,,,,
PEAQ,peaq,234,211829355.71579245,USD,,,,,,,,,
YFI,yearn.finance,235,216224542.58091766,USD,321,458.9009434787446,2733096.799087305,USD,8514.320246377898,USD,1,505545.14645234344,USD
BIO,Bio Protocol,236,213237705.03060478,USD,,,,,,,,,
VANA,Vana,237,210214958.39999998,USD,,,,,,,,,
MEME,Memecoin,238,201961338.57934788,USD,,,,,,,,,
PNUT,Peanut the Squirrel,239,195651380.5613495,USD,,,,,,,,,
GOMINING,Gomining,240,196981730.35895747,USD,,,,,,,,,
ARKM,Arkham,241,198018219,USD,,,,,,,,,
GMT,GMT,242,195274818.40605265,USD,,,,,,,,,
AVAIL,Avail,243,196228961.78020498,USD,,,,,,,,,
XCH,Chia,244,191231830.80900002,USD,,,,,,,,,
G,Gravity,245,192742132.76000002,USD,,,,,,,,,
PAAL,PAAL AI,246,203521987.0161611,USD,,,,,,,,,
SPELL,Spell Token,247,181800958.66907743,USD,577,11210179024.599966,12638325.719176743,USD,21903.510778469226,USD,28,6310380.519736417,USD
XEM,NEM,248,187289999.97919,USD,830,,463147.8406631877,USD,,,,,
LRC,Loopring,249,186585398.62773168,USD,406,15386051.24628443,2022425.686736739,USD,4981.34405600182,USD,1,209023.2545240939,USD
KDA,Kadena,250,186480578.5136731,USD,,,,,,,,,
GMX,GMX,251,187999705.42364964,USD,6823,1055672.2714737381,19282452.785240006,USD,2826.095967351606,USD,25,8106972.651275578,USD
LUNA,Terra,252,186030122.68499562,USD,,,,,,,,,
SUN,Sun (New),253,185539256.10924736,USD,,,,,,,,,
ANIME,Animecoin,254,185964189.929856,USD,,,,,,,,,
TAI,TARS AI,255,181256105.34975,USD,,,,,,,,,
DCR,Decred,256,183428509.67285874,USD,5032,,8294760.557156313,USD,,,,,
USUAL,Usual,257,181543842.60252577,USD,,,,,,,,,
ONT,Ontology,258,179381636.81478,USD,825,30795481,5892186.068105283,USD,7142.0437189154945,USD,2,880130.9488650073,USD
DAG,Constellation,259,179558911.943502,USD,4,324191.35198154004,17691.12207763264,USD,4422.78051940816,USD,0,0,USD
ETHDYDX,dYdX (ethDYDX),260,178393894.18923098,USD,377,3378578.525903995,2843498.0465728515,USD,7542.435136798015,USD,3,693438.1177505166,USD
BICO,Biconomy,261,175971848.45219162,USD,,,,,,,,,
CSPR,Casper,262,177997393.731647,USD,,,,,,,,,
MANTA,Manta Network,263,176700875.01378712,USD,,,,,,,,,
POLYX,Polymesh,264,175496903.96792734,USD,,,,,,,,,
NEIRO,First Neiro On Ethereum,265,171681235.59452122,USD,,,,,,,,,
HONEY,Hivemapper,266,168861591.37201282,USD,,,,,,,,,
HIVE,Hive,267,173184125.67252824,USD,,,,,,,,,
ME,Magic Eden,268,168793736.4956058,USD,,,,,,,,,
FXS,Frax Share,269,169035700.02923757,USD,391,2453940.992477718,5007006.01826526,USD,12805.641990448237,USD,8,1793798.9932919897,USD
AEVO,Aevo,270,169456195.53156725,USD,,,,,,,,,
METIS,Metis,271,170438299.06460598,USD,256,107899.56938504642,2916795.226716533,USD,11393.731354361456,USD,2,1761694.8652820732,USD
LCX,LCX,272,173606568.975,USD,613,15027665.682438891,2892814.1140411934,USD,4719.109484569646,USD,0,0,USD
FLUX,Flux,273,168114893.01770738,USD,,,,,,,,,
BOME,BOOK OF MEME,274,165963474.09632427,USD,,,,,,,,,
BAND,Band Protocol,275,162469514.90359196,USD,110,798269.2377266481,820820.343692426,USD,7462.0031244766,USD,1,100037.01111181665,USD
FIDA,Solana Name Service,276,162023994.56727964,USD,,,,,,,,,
DGB,DigiByte,277,159274098.93101612,USD,2618,,1043196.7025403056,USD,,,,,
ORBR,Orbler,278,156004280.6675,USD,,,,,,,,,
SSV,ssv.network,279,160946699.3895467,USD,,,,,,,,,
SOLO,Sologenic,280,160115061.81766,USD,,,,,,,,,
COW,CoW Protocol,281,155062314.06506723,USD,435,16840890.526430015,7839981.650950149,USD,18022.94632402333,USD,14,3154890.203418869,USD
ACX,Across Protocol,282,159277123.96094057,USD,,,,,,,,,
UPC,UPCX,283,155588178.83484,USD,,,,,,,,,
WAVES,Waves,284,155682090.98180002,USD,,,,,,,,,
ANON,Hey Anon,285,159854266.55153114,USD,,,,,,,,,
DYM,Dymension,286,154326722.20749003,USD,,,,,,,,,
CHEEMS,Cheems (cheems.pet),287,154289664.11667502,USD,,,,,,,,,
UMA,UMA,288,153672995.1405042,USD,203,1027797.3172069351,1862977.5229007527,USD,9177.229176850999,USD,1,268707.7287301214,USD
COTI,COTI,289,152210052.18601057,USD,,,,,,,,,
SXP,Solar,290,152459391.18733528,USD,7,46308.0698735759,11493.662942621537,USD,1641.951848945934,USD,0,0,USD
VINE,Vine Coin,291,145949139.4788,USD,,,,,,,,,
ZIG,ZIGChain,292,148992443.466867,USD,,,,,,,,,
GOAT,Goatseus Maximus,293,146149407.05982265,USD,,,,,,,,,
VELO,Velo,294,144602045.49177,USD,,202877.4986416794,,,8.301159605380505,USD,0,0,USD
WAXP,WAX,295,144639405.01622567,USD,,,,,,,,,
ALT,AltLayer,296,144367365.31525564,USD,,,,,,,,,
SKI,Ski Mask Dog,297,142037840.06732,USD,,,,,,,,,
STORJ,Storj,298,142655952.90596,USD,195,4216831.153171768,1524806.1449869117,USD,7819.518692240573,USD,1,412007.1680122905,USD
ICX,ICON,299,141815668.84917548,USD,,,,,,,,,
EDU,Open Campus,300,142489696.67605,USD,,,,,,,,,
CGPT,ChainGPT,301,138771637.17216,USD,,,,,,,,,
RPL,Rocket Pool,302,140686898.65620083,USD,5,367.6269975285436,2447.4293982649183,USD,489.48587965298367,USD,0,0,USD
ALEO,Aleo,303,139818872.58130762,USD,,,,,,,,,
KUB,Bitkub Coin,304,141743164.68,USD,,,,,,,,,
SWFTC,SwftCoin,305,145814039.96359202,USD,3050,863001919.4709349,34524391.78843475,USD,11319.47271751959,USD,64,18234960.997731287,USD
VVS,VVS Finance,306,137576549.25225237,USD,,,,,,,,,
AUDIO,Audius,307,136656541.140633,USD,423,75905033.36179729,7998318.860592588,USD,18908.555225987206,USD,20,4804792.918030151,USD
XNO,Nano,308,136872650.67839998,USD,,,,,,,,,
ELON,Dogelon Mars,309,134846314.10325056,USD,1564,32025806896174.293,7562297.7752202535,USD,4835.22875653469,USD,2,1407505.028382443,USD
SNT,Status,310,135174326.14596155,USD,74,26640995.421826005,966934.9288351747,USD,13066.68822750236,USD,2,643972.9289326033,USD
ORCA,Orca,311,134999331.45999998,USD,,,,,,,,,
GLMR,Moonbeam,312,133593524.25548999,USD,,,,,,,,,
VVV,Venice Token,313,131229367.50347637,USD,,,,,,,,,
ILV,Illuvium,314,132550056.33741473,USD,654,274465.05450281437,6402403.986566632,USD,9789.608542150812,USD,14,2946696.3827372342,USD
0X0,0x0.ai,315,134592592.9868,USD,,,,,,,,,
PHA,Phala Network,316,128574914.63150595,USD,,6412274.046974119,,,4037.1687733555113,USD,2,397062.6712844313,USD
TAIKO,Taiko,317,131552733.70740677,USD,,,,,,,,,
POWR,Powerledger,318,128043463.71743149,USD,289,8702578.276761001,1958950.3700989014,USD,6778.374983041182,USD,3,511326.9448156851,USD
HMSTR,Hamster Kombat,319,127365937.49999999,USD,,,,,,,,,
LSK,Lisk,320,126207055.61097665,USD,,,,,,,,,
DESO,Decentralized Social,321,124090314.312,USD,,,,,,,,,
XAI,Xai,322,124587342.05908298,USD,,,,,,,,,
BAL,Balancer,323,127953866.65085049,USD,216,1330128.6992751916,2679672.2294474742,USD,12405.889951145713,USD,5,1208693.751065502,USD
ZENT,Zentry,324,125309963.05716603,USD,,,,,,,,,
POND,Marlin,325,124044172.73522599,USD,,,,,,,,,
NPC,Non-Playable Coin,326,123847486.62702306,USD,,,,,,,,,
WMTX,World Mobile Token,327,124602430.19170001,USD,,,,,,,,,
XPR,XPR Network,328,119528324.49430464,USD,,,,,,,,,
XVG,Verge,329,120408676.2158358,USD,168,,38467600.43296655,USD,,,,,
STPT,STP,330,119208275.18965413,USD,148,120861781.93866736,,,0,USD,0,0,USD
HT,Huobi Token,331,124954128.98723999,USD,31,4121.845710522371,3016.9849678168493,USD,97.32209573602739,USD,0,0,USD
ACS,Access Protocol,332,117961606.44453457,USD,,,,,,,,,
UFD,Unicorn Fart Dust,333,122186000,USD,,,,,,,,,
WILD,Wilder World,334,121040704.59620798,USD,,,,,,,,,
CVC,Civic,335,119880000,USD,103,5726946.358439391,653153.3880987226,USD,6341.295030084685,USD,0,0,USD
IQ,IQ,336,119088242.08186238,USD,,,,,,,,,
BIGTIME,Big Time,337,117287905.66672894,USD,,,,,,,,,
STRAX,Stratis [New],338,118283350.20443694,USD,,,,,,,,,
BORA,BORA,339,112806856.25,USD,,,,,,,,,
PEPECOIN,PepeCoin,340,117731833.85465755,USD,,,,,,,,,
BITCOIN,HarryPotterObamaSonic10Inu (ERC-20),341,115646652.58884999,USD,,,,,,,,,
LQTY,Liquity,342,114064829.99132061,USD,466,4472776.953772713,5484699.144090431,USD,11769.740652554574,USD,3,1061819.2967463124,USD
BLAST,Blast,343,113065055.23732881,USD,,,,,,,,,
SCR,Scroll,344,115026000.00000001,USD,,,,,,,,,
AGI,Delysium,345,112967239.48957686,USD,,,,,,,,,
IOST,IOST,346,111434820,USD,,,,,,,,,
CETUS,Cetus Protocol,347,111719208.86909696,USD,,,,,,,,,
PEOPLE,ConstitutionDAO,348,110351474.9951376,USD,,,,,,,,,
CHR,Chromia,349,111093445.22436695,USD,88,0.000005479553007277003,,,0,USD,0,0,USD
ONG,Ontology Gas,350,108199538.90251838,USD,1634,3498781.390344369,,,0,USD,3,0,USD
MVL,MVL,351,108037873.06347705,USD,151,330530815.710498,1291383.8969809155,USD,8552.211238284208,USD,3,368196.83524384286,USD
YGG,Yield Guild Games,352,108432120.64211091,USD,219,6955775.961751841,1727534.6818016723,USD,7888.286218272476,USD,4,669591.7693319287,USD
KEEP,Keep Network,353,108516610.41443175,USD,12,40273.760481957324,4507.399156061637,USD,375.6165963384697,USD,0,0,USD
RLC,iExec RLC,354,108038191.24220312,USD,640,7118810.780143028,11536032.869221777,USD,18025.051358159028,USD,8,1951108.696353966,USD
SYRUP,Maple Finance,355,107787013.77119981,USD,,,,,,,,,
DOGS,DOGS,356,106207627.5,USD,,,,,,,,,
EURC,EURC,357,105219770.66369392,USD,,,,,,,,,
BTG,Bitcoin Gold,358,88468082.22511572,USD,380,,409193.92810344696,USD,,,,,
AL,ArchLoot,359,105207514.48410657,USD,,,,,,,,,
CFG,Centrifuge,360,103371052.22125001,USD,,,,,,,,,
XRD,Radix,361,105383061.2710179,USD,,,,,,,,,
PIXEL,Pixels,362,101971293.05318299,USD,,,,,,,,,
CELR,Celer Network,363,101638748.4087288,USD,148,61256064.70104265,814705.6605238672,USD,5504.767976512616,USD,0,0,USD
SLP,Smooth Love Potion,364,101994875.57589339,USD,103,64693183,150574.6380725705,USD,1461.8896900249563,USD,0,0,USD
VANRY,Vanar Chain,365,101182511.29552276,USD,,,,,,,,,
DF,dForce,366,102697414.8893792,USD,41,1236283.8466829231,98438.20180237452,USD,2400.9317512774273,USD,0,0,USD
LOFI,LOFI,367,94802000,USD,,,,,,,,,
BB,BounceBit,368,100798305.61643836,USD,,,,,,,,,
DKA,dKargo,369,96446913.340193,USD,,,,,,,,,
TRB,Tellor,370,98211501.594,USD,655,40553.31368255312,1540443.9824137539,USD,2351.822873914128,USD,0,0,USD
ERG,Ergo,371,99240060.4272,USD,,,,,,,,,
APU,Apu Apustaja,372,98877382.08654395,USD,,,,,,,,,
BANANA,Banana Gun,373,99286083.83939992,USD,,,,,,,,,
OXT,Orchid,374,96145723.85116068,USD,140,24069690.18939306,2341999.6841644496,USD,16728.56917260321,USD,7,956650.0898655085,USD
OMNI,Omni Network,375,95731448.971014,USD,,,,,,,,,
PUNDIX,Pundi X (New),376,95628981.1932385,USD,,,,,,,,,
DENT,Dent,377,95376999.99999994,USD,336,1734142412.0800862,1667811.464818023,USD,4963.724597672687,USD,3,562449.6135322966,USD
ORBS,Orbs,378,94866526.295208,USD,74,28277244.82506461,690388.9324039525,USD,9329.58016762098,USD,0,0,USD
MLK,MiL.k,379,98264613.32569256,USD,,,,,,,,,
JOE,JOE,380,94544783.02092,USD,3527,16846619.044723656,3956609.6097121965,USD,1121.8059568222843,USD,3,1714863.6314198838,USD
SAGA,Saga,381,94228332.14746,USD,,,,,,,,,
CTSI,Cartesi,382,94359820.88910533,USD,139,5081069.225713781,578479.731347514,USD,4161.724685953338,USD,0,0,USD
AGLD,Adventure Gold,383,93490984.2093,USD,132,1641598.3789333105,1898768.8940372423,USD,14384.61283361547,USD,0,0,USD
PRO,Propy,384,93228000,USD,117,444586.6757778599,446409.4811485491,USD,3815.4656508423004,USD,1,111681.0225,USD
XVS,Venus,385,93074677.80081056,USD,,,,,,,,,
FWOG,FWOG,386,85848103.781376,USD,,,,,,,,,
AI,Sleepless AI,387,92393675,USD,,,,,,,,,
NOS,Nosana,388,94255353.674,USD,,,,,,,,,
OAS,Oasys,389,91689864.85109258,USD,,,,,,,,,
LON,Tokenlon Network Token,390,89866263.5822978,USD,53,274049.0481041605,216151.36724842573,USD,4078.327683932561,USD,0,0,USD
ANDY,ANDY (ETH),391,97597000,USD,,,,,,,,,
ASM,Assemble Protocol,392,88959634.64815,USD,,,,,,,,,
NMR,Numeraire,393,90216688.673353,USD,274,121181.63393156198,1378986.4033242096,USD,5032.797092424123,USD,2,218099.497,USD
MED,MediBloc,394,89431417.0897308,USD,,,,,,,,,
FUEL,Fuel Network,395,89845030.72082809,USD,,,,,,,,,
C98,Coin98,396,87974469.57645899,USD,,,,,,,,,
MIGGLES,Mr Miggles,397,85702902.695229,USD,,,,,,,,,
CARV,CARV,398,87945603.45795,USD,,,,,,,,,
XYM,Symbol,399,87063274.59474204,USD,,,,,,,,,
STEEM,Steem,400,86548831.14269798,USD,,,,,,,,,
GAME,GameBuild,401,88031136.97785826,USD,,,,,,,,,
SFUND,Seedify.fund,402,86746421.06685857,USD,,,,,,,,,
ALU,Altura,403,86418090,USD,,,,,,,,,
ORAI,Oraichain,404,83392852.62,USD,,,,,,,,,
PYR,Vulcan Forged PYR,405,83497810.28710167,USD,,,,,,,,,
KNC,Kyber Network Crystal v2,406,83257888.31883253,USD,4,934.5602060152414,403.13981746205206,USD,100.78495436551302,USD,0,0,USD
BTRST,Braintrust,407,83291533.04601999,USD,9,3836170.185490114,1275171.1271683509,USD,141685.68079648344,USD,6,1270071.5829932294,USD
API3,API3,408,82870034.7042,USD,264,2348847.3069133586,2260436.731301139,USD,8562.260345837649,USD,2,240599.62754038814,USD
AURORA,Aurora,409,81506466.55428001,USD,,,,,,,,,
MOODENG,Moo Deng,410,81380631.09312984,USD,,,,,,,,,
USDP,Pax Dollar,411,81299651.54204437,USD,71,718657.5488735571,719232.2004973098,USD,10130.030992919857,USD,1,562166.6906385166,USD
CAT,Simon's Cat,412,80139511.62124245,USD,,,,,,,,,
OMI,ECOMI,413,82028697.71764839,USD,,,,,,,,,
MTL,Metal DAO,414,79576345.27605,USD,7,3982.29857237,,,0,USD,0,0,USD
PROM,Prom,415,79276175,USD,,,,,,,,,
ARK,Ark,416,79250292.34688,USD,,,,,,,,,
COOKIE,Cookie DAO,417,82149235.3136,USD,,,,,,,,,
ALI,Artificial Liquid Intelligence,418,87218451.93499096,USD,,,,,,,,,
GME,GameStop,419,80758260.9885051,USD,,,,,,,,,
OX,OX Coin,420,78870662.69856,USD,,,,,,,,,
WIN,WINkLink,421,77754189.38021725,USD,,,,,,,,,
SCRT,Secret,422,77772716.36625864,USD,,,,,,,,,
BADGER,Badger DAO,423,75859836.74681239,USD,307,674796.4378558312,2458161.5515686455,USD,8007.040884588421,USD,0,0,USD
ZRC,Zircuit,424,80441920.47963999,USD,,,,,,,,,
MAGIC,Treasure,425,75251573.0180847,USD,,,,,,,,,
ACA,Acala Token,426,74450832.90789999,USD,,,,,,,,,
LUMIA,Lumia,427,74471822.09061797,USD,,,,,,,,,
VELO,Velodrome Finance,428,74271424.5476617,USD,,,,,,,,,
PONKE,Ponke,429,74859584.4535,USD,,,,,,,,,
SDEX,SmarDex,430,74395739.996625,USD,,,,,,,,,
MOVR,Moonriver,431,74400228.1566,USD,,,,,,,,,
NMT,NetMind Token,432,73958409.888,USD,,,,,,,,,
CTK,Shentu,433,72390875.34749,USD,,,,,,,,,
BONE,Bone ShibaSwap,434,74223856.04807818,USD,562,4207093.222591001,1239426.4841301218,USD,2205.3852030785088,USD,1,262197.5583884149,USD
REQ,Request,435,71290987.65143996,USD,644,33080695.86224742,3955293.4007696128,USD,6141.759939083249,USD,2,541381.6688209998,USD
ALPH,Alephium,436,73061408.84312904,USD,,,,,,,,,
ARDR,Ardor,437,71642947.49135482,USD,,,,,,,,,
SYN,Synapse,438,72155128.03983617,USD,,10943080.54648757,,,15284.298880066817,USD,4,2039956.5504763066,USD
BNX,BinaryX,439,71409960.6455266,USD,,,,,,,,,
PORTAL,Portal,440,70042421.46988046,USD,,,,,,,,,
RIO,Realio Network,441,71030645.5632819,USD,,,,,,,,,
HIGH,Highstreet,442,70330430.2270918,USD,,,,,,,,,
ZBCN,Zebec Network,443,67593198.21623832,USD,,,,,,,,,
COREUM,Coreum,444,73041226.55136,USD,,,,,,,,,
BEL,Bella Protocol,445,70308000,USD,107,1942268.403148619,1471686.9787598893,USD,13754.083913643824,USD,1,208776.78308360523,USD
ZEREBRO,Zerebro,446,65652233.759870075,USD,,,,,,,,,
DEGEN,Degen,447,67473668.8507215,USD,,,,,,,,,
BNT,Bancor,448,68899639.97254401,USD,339,2669794.3064298173,1577047.496808093,USD,4652.057512708239,USD,0,0,USD
H2O,H2O DAO,449,67116225,USD,,,,,,,,,
USTC,TerraClassicUSD,450,67742638.92581047,USD,46,,527472.4064523368,USD,,,,,
NTRN,Neutron,451,66939867.77863549,USD,,,,,,,,,
TON,Tokamak Network,452,67564064.7594,USD,,,,,,,,,
CBK,Cobak Token,453,65365566.66066,USD,,,,,,,,,
AUCTION,Bounce Token,454,65290489.240200005,USD,,,,,,,,,
CYBER,Cyber,455,64170899.6269,USD,,,,,,,,,
DODO,DODO,456,64948277.57911195,USD,68,1220481.2147257216,103175.02521137409,USD,1517.2797825202072,USD,0,0,USD
SOLV,Solv Protocol,457,64260331.8,USD,,,,,,,,,
MOBILE,Helium Mobile,458,62757590.400000006,USD,,,,,,,,,
HIFI,Hifi Finance,459,63973594.60556488,USD,,,,,,,,,
CLV,CLV,460,62624601.645782,USD,,,,,,,,,
QKC,QuarkChain,461,62930185.8895235,USD,66,64982212.22686703,634551.3023953565,USD,9614.413672656916,USD,0,0,USD
SWARMS,Swarms,462,62601050.32766,USD,,,,,,,,,
SPA,Sperax,463,63514210.48774321,USD,,,,,,,,,
DUSK,Dusk,464,62301629.911354706,USD,124,4128708.9105525226,552421.2522319276,USD,4455.010098644577,USD,0,0,USD
RIF,Rootstock Infrastructure Framework,465,61925000,USD,,,,,,,,,
TRU,TrueFi,466,62111642.77663084,USD,287,80711010.78279077,3854510.446677567,USD,13430.349988423579,USD,3,684151.8952336563,USD
ARPA,ARPA,467,61066107.04280966,USD,1221,703458262.8665445,,,0,USD,0,0,USD
DAR,Mines of Dalarnia,468,60254910.976612,USD,,,,,,,,,
WOLF,Landwolf 0x67,469,67638506.7391161,USD,,,,,,,,,
MBX,MARBLEX,470,60919918.134460226,USD,,,,,,,,,
SWEAT,Sweat Economy,471,60899962.62170582,USD,,,,,,,,,
LOOM,Loom Network,472,61938477.08905629,USD,2,10154.16378451,500.8033578520332,USD,250.4016789260166,USD,0,0,USD
FX,Function X,473,62495444.213860005,USD,49,,184324.81121858762,USD,,,,,
AITECH,Solidus Ai Tech,474,59980944.943248,USD,,,,,,,,,
HFT,Hashflow,475,61328663.552268796,USD,,,,,,,,,
NCT,PolySwarm,476,59449839.65646,USD,,,,,,,,,
CXT,Covalent X Token,477,59646065.085,USD,,,,,,,,,
STG,Stargate Finance,478,59327616.12372341,USD,721,32003201.62069923,8671427.953819674,USD,12026.94584441009,USD,9,2634737.7871254273,USD
RARE,SuperRare,479,59736878.49517098,USD,82,32827747.490580086,2349559.518100924,USD,28653.164854889314,USD,5,1451561.0827713513,USD
NAKA,Nakamoto Games,480,57818345.42327506,USD,,,,,,,,,
SEND,Suilend,481,58839193.5157,USD,,,,,,,,,
SYS,Syscoin,482,58767071.209355816,USD,,,,,,,,,
STMX,StormX,483,58309353.17164834,USD,4,31477.584755220105,141.8398967569428,USD,35.4599741892357,USD,0,0,USD
SPEC,Spectral,484,59169203.91500001,USD,,,,,,,,,
BUZZ,Hive AI,485,59398108.50696,USD,,,,,,,,,
AVA,AVA,486,57935656.43952,USD,,,,,,,,,
TORN,Tornado Cash,487,58645494.41541888,USD,105,14343.336494736584,153483.81874650187,USD,1461.750654728589,USD,0,0,USD
GUSD,Gemini Dollar,488,57736969.46,USD,64,5707651.89,5707651.89,USD,89182.06078125,USD,17,4822258.46,USD
DIA,DIA,489,57968711.25551999,USD,145,1148384.6237376046,534978.8889330201,USD,3689.5095788484145,USD,0,0,USD
LIT,Litentry,490,57439135.49073,USD,,,,,,,,,
SLERF,SLERF,491,58084738.6175,USD,,,,,,,,,
TKO,Toko Token,492,57333370.987210624,USD,,,,,,,,,
NFP,NFPrompt,493,57534450.86222412,USD,,,,,,,,,
WNXM,Wrapped NXM,494,58170824.143912196,USD,48,28013.142563311372,1661857.6390829778,USD,34622.03414756204,USD,4,693566.8314106966,USD
MPL,Maple,495,59421906.1552999,USD,118,31942.560088333787,363204.4595659796,USD,3078.003894626946,USD,0,0,USD
OGN,Origin Protocol,496,56070130.00766101,USD,229,23243377.432250436,1913627.2639971785,USD,8356.450934485496,USD,0,0,USD
EUL,Euler,497,56914083.5657971,USD,45,841840.3440396244,2815410.979306979,USD,62564.688429043985,USD,1,2360120.5513603324,USD
DAO,DAO Maker,498,56820613.04749684,USD,,,,,,,,,
XPLA,Xpla,499,58288310.48183867,USD,,,,,,,,,
AZERO,Aleph Zero,500,54262838.6334,USD,,,,,,,,,
RSS3,RSS3,501,55262176.5302,USD,,,,,,,,,
HIPPO,sudeng,502,55667000,USD,,,,,,,,,
PHB,Phoenix,503,54431023.30384,USD,,,,,,,,,
PRQ,PARSIQ,504,56742879.32008,USD,,,,,,,,,
SHDW,Shadow Token,505,51579767.21179451,USD,,,,,,,,,
CATI,Catizen,506,53948668,USD,,,,,,,,,
A8,Ancient8,507,54028159.697256,USD,,,,,,,,,
MERL,Merlin Chain,508,52487400,USD,,,,,,,,,
QI,BENQI,509,51983156.2760364,USD,1595,263107204.83313128,2848867.583169749,USD,1786.1238765954538,USD,2,529913.1196462685,USD
STRK,Strike,510,51858858.96683843,USD,,,,,,,,,
MBL,MovieBloc,511,50748329.439845994,USD,70,25389146.848933168,69875.11725228051,USD,998.2159607468645,USD,0,0,USD
FORTH,Ampleforth Governance Token,512,50938263.8663953,USD,67,121793.34970147652,120503.94629527352,USD,1798.5663626160228,USD,0,0,USD
RAD,Radworks,513,50678556.862743825,USD,2009,20468195.82182987,19255076.92101332,USD,9584.408621708972,USD,13,2107835.1636834824,USD
NKN,NKN,514,50910193.10089869,USD,66,4571003.685400599,306280.10194026714,USD,4640.607605155563,USD,0,0,USD
ALICE,MyNeighborAlice,515,50647047.21808,USD,74,754090.568197,570174.6511795594,USD,7705.06285377783,USD,1,204117.6511776109,USD
MAV,Maverick Protocol,516,49967416.99430021,USD,,,,,,,,,
PIPPIN,pippin,517,49134815.891155,USD,,,,,,,,,
META,Metadium,518,49268364.1824,USD,,,,,,,,,
LMWR,LimeWire,519,48874558.594219945,USD,,,,,,,,,
BFC,Bifrost,520,48022066.74844801,USD,,,,,,,,,
RACA,RACA,521,48734252.93466201,USD,,,,,,,,,
THE,Thena,522,48862484.50794546,USD,,,,,,,,,
COQ,Coq Inu,523,48512778.599999994,USD,,,,,,,,,
PUFFER,Puffer,524,47700506.80125,USD,,,,,,,,,
MODE,Mode,525,48510000.17463601,USD,,,,,,,,,
LEVER,LeverFi,526,47436181.813915916,USD,,,,,,,,,
MYRIA,Myria,527,47434787.027236804,USD,,,,,,,,,
ACE,Fusionist,528,47222370.3768,USD,,,,,,,,,
PNG,Pangolin,529,47544380.96612,USD,1526,2772536.3372123027,537976.4584428346,USD,352.5402742089348,USD,0,0,USD
LYX,LUKSO,530,46097004.588264,USD,,,,,,,,,
DOGE,Department Of Government Efficiency,531,55546254.85609854,USD,,,,,,,,,
MC,Merit Circle,532,46704764.769999996,USD,,,,,,,,,
HOOK,Hooked Protocol,533,46892627.724017285,USD,,,,,,,,,
ATA,Automata Network,534,46162284.704307854,USD,,,,,,,,,
DEP,DEAPcoin,535,45693479.02740931,USD,,,,,,,,,
GODS,Gods Unchained,536,45993062.698735386,USD,,2356158.4522190765,,,5526.353178053857,USD,0,0,USD
RARI,RARI,537,45596208.9975941,USD,145,773199.5428219753,1356429.601806656,USD,9354.686909011421,USD,2,714684.9669444419,USD
TLOS,Telos,538,45789942.453561604,USD,,,,,,,,,
ALPHA,Stella,539,45634527,USD,164,11828369.521139035,590490.6038338013,USD,3600.552462401228,USD,0,0,USD
F,SynFutures,540,45474708.512862004,USD,,,,,,,,,
X,X empire,541,44385630,USD,,,,,,,,,
UQC,Uquid Coin,542,44887000,USD,0,0,,,0,USD,0,0,USD
MBOX,MOBOX,543,44877083.79116,USD,,,,,,,,,
ELA,Elastos,544,46136269.462500006,USD,,,,,,,,,
GEAR,Gearbox Protocol,545,44409000,USD,,,,,,,,,
ICE,Ice Open Network,546,44212056.16070759,USD,,,,,,,,,
GNS,Gains Network,547,44548039.17925642,USD,,,,,,,,,
UTK,xMoney,548,43631717.289215,USD,0,0,6680.840079999999,USD,0,USD,0,0,USD
ETN,Electroneum,549,43734108.34133174,USD,0,0,,,0,USD,0,0,USD
AQT,Alpha Quark Token,550,44278482.811799996,USD,,,,,,,,,
LAT,PlatON,551,44002532.5041885,USD,,,,,,,,,
FCT2,FirmaChain,552,41114418.246994555,USD,,,,,,,,,
CTXC,Cortex,553,42642144.8010675,USD,0,0,1.1260000000000001,USD,0,USD,0,0,USD
NYM,NYM,554,42822255.337859645,USD,,,,,,,,,
BAKE,BakeryToken,555,42683196.38687134,USD,,,,,,,,,
TLM,Alien Worlds,556,42584616.65423028,USD,25,6823312.069299999,50331.951783656266,USD,2013.2780713462507,USD,0,0,USD
MAPO,MAP Protocol,557,42601867.52657824,USD,,,,,,,,,
ZCX,Unizen,558,42705252.95521564,USD,,,,,,,,,
AERGO,Aergo,559,41934809.62249045,USD,0,0,,,0,USD,0,0,USD
RDNT,Radiant Capital,560,41627472.235104,USD,,24165434.25605701,,,1118.885707362229,USD,0,0,USD
MONKY,Wise Monkey,561,38346900,USD,,,,,,,,,
SD,Stader,562,41456907.99406211,USD,,,,,,,,,
TT,ThunderCore,563,41151254.778250396,USD,,,,,,,,,
TNSR,Tensor,564,41021250,USD,,,,,,,,,
PRCL,Parcl,565,40967041.71063,USD,,,,,,,,,
KUJI,Kujira,566,38285701.44998,USD,,,,,,,,,
CHILLGUY,Just a chill guy,567,38289358.45491987,USD,,,,,,,,,
SHIRO,Shiro Neko,568,41090000,USD,,,,,,,,,
DEGO,Dego Finance,569,39187097.93635331,USD,,,,,,,,,
FORT,Forta,570,39410621.2783,USD,,,,,,,,,
ORDER,Orderly Network,571,40591438.70659,USD,,,,,,,,,
NAVX,NAVI Protocol,572,38568363.44852668,USD,,,,,,,,,
AVA,AVA (Travala),573,38586958.1711276,USD,,,,,,,,,
VR,Victoria VR,574,37301969.97621476,USD,,,,,,,,,
GRS,Groestlcoin,575,37642308.68183466,USD,,,,,,,,,
REZ,Renzo,576,38251884.34951414,USD,,,,,,,,,
GTC,Gitcoin,577,38915636.62195783,USD,245,,1249737.1214511397,USD,,,,,
GFI,Goldfinch,578,39589026.88856,USD,,,,,,,,,
DNT,district0x,579,38900000,USD,46,5739709.635110666,223848.67576931597,USD,4866.275560202522,USD,0,0,USD
EURT,Tether EURt,580,37005924.810509995,USD,,,,,,,,,
LISTA,Lista DAO,581,37072363.58108132,USD,,,,,,,,,
WOJAK,Wojak,582,37618055.938721366,USD,,1232435516.1548564,,,2199.6434775988705,USD,0,0,USD
RETARDIO,RETARDIO,583,36398392.21209,USD,,,,,,,,,
REI,REI Network,584,36856200,USD,,,,,,,,,
SUNDOG,SUNDOG,585,37515981.253478,USD,,,,,,,,,
ATR,Artrade,586,36342485.08781933,USD,,,,,,,,,
BAN,Comedian,587,36473608.807025,USD,,,,,,,,,
BOUNTY,BOUNTY,588,36468726.178316996,USD,,,,,,,,,
ATLAS,Star Atlas,589,35835522.13412392,USD,,,,,,,,,
MOC,Moss Coin,590,37178583.199208,USD,,,,,,,,,
MLN,Enzyme,591,35836283.65587177,USD,45,28921.734421496545,413002.36753897066,USD,9177.830389754903,USD,1,184580.88264623922,USD
CUSD,Celo Dollar,592,35507589.662399165,USD,,,,,,,,,
LADYS,Milady Meme Coin,593,35153367.166096576,USD,,10230118239154.771,,,1637.077551452571,USD,0,0,USD
VENOM,Venom,594,35374631.207169995,USD,,,,,,,,,
DBR,DeBridge,595,35206564.534567,USD,,,,,,,,,
WEN,Wen,596,35073046.18625248,USD,,,,,,,,,
LTO,LTO Network,597,34858313.2314315,USD,,,,,,,,,
GST,Green Satoshi Token (SOL),598,34177491.22697323,USD,,,,,,,,,
OMG,OMG Network,599,35019275.941809654,USD,192,3024561.020171328,786083.4091425282,USD,4094.1844226173343,USD,0,0,USD
NS,Sui Name Service,600,34306095.45628715,USD,,,,,,,,,
CCD,Concordium,601,33648667.91444433,USD,,,,,,,,,
ERN,Ethernity Chain,602,34193467.14916259,USD,,,,,,,,,
PERP,Perpetual Protocol,603,33719181.942616,USD,197,2816699.177697933,1417929.7440164816,USD,7197.612913789247,USD,1,552120.64471648,USD
NGL,Entangle,604,32685349.696623,USD,,,,,,,,,
SN,SpaceN,605,32828205,USD,,,,,,,,,
GHX,GamerCoin,606,32048480.302425858,USD,277,15980500.555723008,779334.7251257263,USD,2813.482762186738,USD,0,0,USD
FUN,FUNToken,607,32771408.378220953,USD,201,,1077191.143940886,USD,,,,,
UOS,Ultra,608,32345564.060536336,USD,155,5355747.2331,433981.0556749458,USD,2799.8777785480374,USD,0,0,USD
POKT,Pocket Network,609,32008227.740775,USD,,,,,,,,,
QRL,Quantum Resistant Ledger,610,31404636.2042,USD,,,,,,,,,
POLS,Polkastarter,611,32816562.05311321,USD,,,,,,,,,
MOODENG,MOO DENG,612,32727217.68602222,USD,,,,,,,,,
IDEX,IDEX,613,31675370.729980078,USD,37,5422628.064185401,213895.56399179317,USD,5780.961188967382,USD,0,0,USD
ALCX,Alchemix,614,31848072.59899393,USD,141,80249.69773968638,1031783.1912108567,USD,7317.6112851833805,USD,1,107660.26930924019,USD
GEL,Gelato,615,31931447.681103457,USD,31,398292.2260276583,50767.913093863106,USD,1637.6746159310678,USD,0,0,USD
APX,APX,616,31340214.12021478,USD,,,,,,,,,
BRISE,Bitgert,617,31285625.54,USD,,,,,,,,,
ORN,Orion,618,31790163.405,USD,0,0,,,0,USD,0,0,USD
ARRR,Pirate Chain,619,31798408.099107336,USD,,,,,,,,,
KARRAT,KARRAT,620,31558679.62472,USD,,,,,,,,,
TOKEN,TokenFi,621,30813609.758457,USD,,,,,,,,,
TRUMP,MAGA,622,32239943.28889,USD,,,,,,,,,
VADER,VaderAI by Virtuals,623,32775785.405979004,USD,,,,,,,,,
GHST,Aavegotchi,624,30885420.04487352,USD,62,867609.8392912576,544944.4539527288,USD,8789.426676656914,USD,0,0,USD
BGSC,BugsCoin,625,30610710.000000004,USD,,,,,,,,,
MOB,MobileCoin,626,30367062.21462,USD,,,,,,,,,
AHT,AhaToken,627,30162673.71114091,USD,,,,,,,,,
BOBO,BOBO,628,31340451.815795127,USD,,,,,,,,,
EWT,Energy Web Token,629,30806175.9155,USD,,,,,,,,,
XION,XION,630,29692277.1461,USD,,,,,,,,,
SBD,Steem Dollars,631,29925689.961403605,USD,,,,,,,,,
ALCH,Alchemist AI,632,29544299.999999996,USD,,,,,,,,,
LOCUS,Locus Chain,633,30044303.460935522,USD,,,,,,,,,
SWELL,Swell Network,634,29337901.890650794,USD,,,,,,,,,
POLIS,Star Atlas DAO,635,29257804.525114533,USD,,,,,,,,,
DEXT,DEXTools,636,29628808.533383194,USD,,,,,,,,,
AMPL,Ampleforth,637,28859775.61752,USD,222,2878234.0023938217,3062440.9785470264,USD,13794.779182644263,USD,8,1271317.6738023516,USD
ZKL,zkLink,638,29643784.53841,USD,,,,,,,,,
BOBA,Boba Network,639,29239620.3819882,USD,80,2945292.786974145,508855.0013834901,USD,6360.687517293626,USD,1,172768.90217296995,USD
DIMO,DIMO,640,28523057.34297241,USD,,,,,,,,,
WAN,Wanchain,641,28779006.347102538,USD,0,0,,,0,USD,0,0,USD
VRTX,Vertex Protocol,642,28659014.80029509,USD,,,,,,,,,
ALEX,ALEX Lab,643,28431638.957946695,USD,,,,,,,,,
NULS,NULS,644,28732146.04380856,USD,0,0,,,0,USD,0,0,USD
HAI,Hacken Token,645,28793790.340272002,USD,,,,,,,,,
SIGMA,SIGMA,646,28347049.588180702,USD,,,,,,,,,
REKT,Rekt,647,28746555.740488157,USD,,,,,,,,,
NUM,Numbers Protocol,648,28273557.858276002,USD,,,,,,,,,
VIC,Viction,649,27667451.34042,USD,,,,,,,,,
VRA,Verasity,650,28036679.6493446,USD,0,0,0.006093,USD,0,USD,0,0,USD
GRND,SuperWalk,651,29626006.5875562,USD,,,,,,,,,
FLM,Flamingo,652,27561242.296179965,USD,,,,,,,,,
FIS,StaFi,653,27267897.929289997,USD,,,,,,,,,
KMD,Komodo,654,27217965.975199997,USD,,,,,,,,,
DATA,Streamr,655,27175357.969812,USD,30,5253995.57176082,,,0,USD,0,0,USD
WXT,Wirex Token,656,26769000,USD,,,,,,,,,
SIDUS,SIDUS,657,27031705.10760621,USD,,,,,,,,,
CORE,cVault.finance,658,26603600,USD,1,0.002021386026410922,5.390954102212426,USD,5.390954102212426,USD,0,0,USD
MDT,Measurable Data Token,659,26499269.476887498,USD,57,8878012.323416902,363066.3139661342,USD,6369.5844555462145,USD,1,134301.71638969,USD
XPRT,Persistence One,660,26274252.921676002,USD,,,,,,,,,
MICHI,michi (SOL),661,25829822.771128558,USD,,,,,,,,,
COS,Contentos,662,26367845.7030012,USD,8,10847681.07485064,57161.855423925444,USD,7145.231927990681,USD,0,0,USD
TARA,Taraxa,663,26424981.157259997,USD,,,,,,,,,
QUACK,RichQUACK.com,664,24915621.87369992,USD,,,,,,,,,
OL,Open Loot,665,24807503.571372245,USD,,,,,,,,,
TPT,TokenPocket,666,25555417.24428,USD,,,,,,,,,
ROOT,The Root Network,667,26210600.44974,USD,,,,,,,,,
BETA,Beta Finance,668,25519380.291727,USD,,,,,,,,,
TET,Tectum,669,25037556.144098997,USD,,,,,,,,,
SLND,Solend,670,24861674.783600736,USD,,,,,,,,,
DADDY,Daddy Tate,671,24201711.036934517,USD,,,,,,,,,
NPT,Neopin,672,24496411.514650002,USD,,,,,,,,,
DIONE,Dione Protocol,673,24297317.497384004,USD,,,,,,,,,
SUKU,Suku,674,24999790.32043828,USD,,,,,,,,,
AIDOGE,ArbDoge AI,675,23729491.100991383,USD,,,,,,,,,
WHY,WHY,676,23966880,USD,,,,,,,,,
BOSON,Boson Protocol,677,24409996.354945302,USD,,,,,,,,,
EVER,Everscale,678,23927543.481581997,USD,,,,,,,,,
MATH,MATH,679,23732334.7232212,USD,,,,,,,,,
MASA,Masa,680,23894107.288407,USD,,,,,,,,,
KIN,Kin,681,23549380.899499796,USD,,,,,,,,,
OORT,OORT,682,23547533.632822778,USD,,,,,,,,,
BSW,Biswap,683,23545876.685355,USD,,,,,,,,,
LOKA,League of Kingdoms Arena,684,23543849.66259164,USD,,,,,,,,,
FARM,Harvest Finance,685,23395345.002065964,USD,58,8997.117447099106,303576.079453544,USD,5234.070335405931,USD,0,0,USD
KLV,Klever,686,23324481.660038218,USD,,,,,,,,,
CHESS,Tranchess,687,23350052.1135,USD,,,,,,,,,
NXRA,Nexera,688,22982680.596526008,USD,,,,,,,,,
VOXEL,Voxies,689,23342457.30355607,USD,,,,,,,,,
HTR,Hathor,690,21969686.91394078,USD,,,,,,,,,
KEKIUS,Kekius Maximus,691,22699000,USD,,,,,,,,,
KISHU,Kishu Inu,692,22533347.337487143,USD,115,185008524338305.03,46173.1813080554,USD,401.5059244178731,USD,0,0,USD
LOOKS,LooksRare,693,22731674.052309,USD,149,7379543.444852694,189974.94071198913,USD,1274.9996020938868,USD,0,0,USD
LUNA,Luna by Virtuals,694,22150000,USD,,,,,,,,,
ALEPH,Aleph.im,695,22763567.554930136,USD,,,,,,,,,
MYRO,Myro,696,21840378.444764998,USD,,,,,,,,,
RBN,Ribbon Finance,697,21864425.127996054,USD,58,4766234.571817113,995446.7065802272,USD,17162.87425138323,USD,2,533209.5432937435,USD
MNGO,Mango,698,21678873.648497242,USD,,,,,,,,,
ELIZA,Eliza (elizawakesup),699,23207873.709289208,USD,,,,,,,,,
GAFI,GameFi.org,700,22295093.7033636,USD,,,,,,,,,
GFAL,Games for a living,701,21650481.488506753,USD,,,,,,,,,
HOPR,HOPR,702,21273893.109615,USD,,,,,,,,,
ASD,ASD,703,21246708.442388,USD,,,,,,,,,
CLANKER,tokenbot,704,22765000,USD,,,,,,,,,
REN,Ren,705,21263753.961140238,USD,115,4191010.7165872254,98279.20130397043,USD,854.6017504693081,USD,0,0,USD
KOMA,Koma Inu,706,20918745.564408075,USD,,,,,,,,,
ADX,AdEx,707,20581296.327472642,USD,0,0,,,0,USD,0,0,USD
SIX,SIX,708,20690402.158603564,USD,,,,,,,,,
CEEK,CEEK VR,709,20009195.329782024,USD,17,2400739.7769564623,62335.20830867455,USD,3666.7769593337966,USD,0,0,USD
PROPC,Propchain,710,20666898.79502676,USD,,,,,,,,,
HEGIC,Hegic,711,21026669.466622815,USD,34,463659.1863503264,14048.729066301881,USD,413.1979137147612,USD,0,0,USD
BLUE,Bluefin,712,20260787.78286,USD,,,,,,,,,
LINA,Linear Finance,713,20288821.279586963,USD,,,,,,,,,
BLZ,Bluzelle,714,19772343.76671141,USD,,35289970.19532085,,,10916.04866153689,USD,2,767954.736458588,USD
SHPING,SHPING,715,20002564.935608,USD,,,,,,,,,
LEASH,Doge Killer,716,20262646.052475877,USD,259,3470.223111466165,623240.6787764605,USD,2406.3346670905808,USD,1,131760.86467041646,USD
NEIRO,Neiro Ethereum,717,19589000,USD,,,,,,,,,
QUICK,Quickswap[New],718,19882833.81040042,USD,6,,0.55701485841018,USD,,,,,
GROK,GROK,719,19883096.283160996,USD,,,,,,,,,
SLF,Self Chain,720,19799640,USD,,,,,,,,,
FIO,FIO Protocol,721,19338930.160043728,USD,,,,,,,,,
OPUL,Opulous,722,19207640.69396231,USD,,,,,,,,,
BIFI,Beefy,723,19211200,USD,,,,,,,,,
PORK,PepeFork,724,18502911.90759493,USD,,,,,,,,,
COMBO,COMBO,725,19013447.7648,USD,0,,,,,,,,
FIRO,Firo,726,18740431.72326652,USD,,,,,,,,,
GEMS,Gems,727,18832362.019093,USD,,,,,,,,,
PROS,Prosper,728,18374160.31065,USD,,,,,,,,,
FOX,Shapeshift FOX Token,729,18700811.968608,USD,,,,,,,,,
MANEKI,MANEKI,730,18376624.9558536,USD,,,,,,,,,
CHEQ,cheqd,731,18293697.921494998,USD,,,,,,,,,
GOG,Guild of Guardians,732,18075543.382249057,USD,,,,,,,,,
SUSD,sUSD,733,17909714.163418297,USD,0,0,,,0,USD,0,0,USD
PIVX,PIVX,734,18018843.106975865,USD,,,,,,,,,
WING,Wing Finance,735,17863722.307139322,USD,,,,,,,,,
VVAIFU,Dasha,736,17111381.953738194,USD,,,,,,,,,
UFT,UniLend,737,17524598.328067295,USD,42,499993.92517553235,104067.31893480492,USD,2477.793307971546,USD,0,0,USD
SANTOS,Santos FC Fan Token,738,17616664.45675106,USD,,,,,,,,,
QTCON,Quiztok,739,17077793.578317393,USD,,,,,,,,,
SAMO,Samoyedcoin,740,16988121.026108403,USD,,,,,,,,,
DLC,Diamond Launch,741,16611381.67952,USD,,,,,,,,,
VIDT,VIDT DAO,742,16578560.209666,USD,0,,,,,,,,
PROPS,Propbase,743,15817936.87386907,USD,,,,,,,,,
BURGER,BurgerCities,744,16435304.282432105,USD,,,,,,,,,
VLX,Velas,745,16372205.764814515,USD,,,,,,,,,
MAJOR,Major,746,16288231.20456,USD,,,,,,,,,
PSG,Paris Saint-Germain Fan Token,747,16284087.5535,USD,,,,,,,,,
ALPACA,Alpaca Finance,748,16147385.540360533,USD,,,,,,,,,
CREAM,Cream Finance,749,16019718.581099998,USD,378,40374.090639615475,360243.07027758955,USD,953.0239954433586,USD,0,0,USD
KRL,Kryll,750,15979129.338171849,USD,24,1823367.2426934917,789791.5211726859,USD,32907.98004886191,USD,2,694595.9323735578,USD
PSP,ParaSwap,751,16627884.60888,USD,36,27306843.148186993,552580.4405650257,USD,15349.456682361824,USD,1,153213.3047513757,USD
BZZ,Swarm,752,15176868.69075987,USD,,,,,,,,,
PDA,PlayDapp,753,15549984.86643,USD,,,,,,,,,
SWAP,TrustSwap,754,14978275.61556,USD,149,1835804.490422268,287216.94369243376,USD,1927.6304945800923,USD,0,0,USD
VXV,Vectorspace AI,755,15861532.280517912,USD,,,,,,,,,
HARD,Kava Lend,756,15340639.73508,USD,,,,,,,,,
OG,OG Fan Token,757,15167538.3946,USD,,,,,,,,,
PNK,Kleros,758,15248255.209918264,USD,,,,,,,,,
OBSR,Observer,759,15121742.944683101,USD,,,,,,,,,
MEMEFI,MemeFi,760,14901999.999999998,USD,,,,,,,,,
VINU,Vita Inu,761,14781283.93653137,USD,,,,,,,,,
WNCG,Nine Chronicles,762,14408145.825252842,USD,,,,,,,,,
DMTR,Dimitra,763,14550337.152704064,USD,,,,,,,,,
TROY,TROY,764,14886000,USD,,,,,,,,,
SQGROW,Squid Grow,765,14741000,USD,,,,,,,,,
AMB,AirDAO,766,14766767.75266,USD,,,,,,,,,
VOLT,Volt Inu,767,14837830.175606119,USD,,,,,,,,,
BAR,FC Barcelona Fan Token,768,14560193.5518,USD,,,,,,,,,
VAI,VAIOT,769,14525558.908595,USD,,,,,,,,,
MUMU,Mumu the Bull,770,14198106.667021222,USD,,,,,,,,,
SOV,Sovryn,771,13942215.911304025,USD,,,,,,,,,
NIM,Nimiq,772,13618297.837437958,USD,,,,,,,,,
AST,AirSwap,773,13658432.358782262,USD,119,8338638.572600002,618726.9820869201,USD,5199.386404091766,USD,0,0,USD
DEAI,Zero1 Labs,774,13396751.89384,USD,,,,,,,,,
GYEN,GYEN,775,13358740.002045,USD,,,,,,,,,
MAVIA,Heroes of Mavia,776,13436875.2991,USD,,,,,,,,,
VIB,Viberate,777,13314467.129999999,USD,26,525605.6388171974,462.00735652031653,USD,17.769513712319867,USD,0,0,USD
CGO,Comtech Gold,778,12748938,USD,,,,,,,,,
GAL,Galxe,779,15060401.863686804,USD,,,,,,,,,
TIME,Chrono.tech,780,12653503.547,USD,,,,,,,,,
REEF,Reef,781,12575581.273847684,USD,,,,,,,,,
PLU,Pluton,782,13040015.487586997,USD,776,776773.3202423019,1320514.6444119131,USD,1701.6941293967955,USD,0,0,USD
CRTS,Cratos,783,12297311.367272802,USD,,,,,,,,,
DBC,DeepBrain Chain,784,11854117.344866501,USD,,,,,,,,,
LAZIO,S.S. Lazio Fan Token,785,11954274.971533896,USD,,,,,,,,,
DNX,Dynex,786,11935241.91335541,USD,,,,,,,,,
MOTHER,Mother Iggy,787,12299374.64918518,USD,,,,,,,,,
STC,SaitaChain Coin,788,11751939.419697069,USD,,,,,,,,,
NTX,NuNet,789,11601004.48031,USD,,,,,,,,,
DFI,DeFiChain,790,11271083.305250062,USD,,,,,,,,,
PORTO,FC Porto Fan Token,791,11423543.684377292,USD,,,,,,,,,
ROUTE,Router Protocol,792,11671546.615784,USD,,,,,,,,,
ALPINE,Alpine F1 Team Fan Token,793,11212433.600000001,USD,,,,,,,,,
MNW,Morpheus.Network,794,12240382.795527073,USD,1,,25.60493112,USD,,,,,
CWEB,Coinweb,795,11139000.699753234,USD,,,,,,,,,
DVI,Dvision Network,796,11264103.26272,USD,,,,,,,,,
BLOK,Bloktopia,797,11034710.70651729,USD,,,,,,,,,
PIT,Pitbull,798,10612337.415128786,USD,,,,,,,,,
USDJ,USDJ,799,10956828.083106054,USD,,,,,,,,,
FLOCK,Flock.io,800,10975492.690642199,USD,,,,,,,,,
UFO,UFO Gaming,801,11160757.575757464,USD,,,,,,,,,
YFII,DFI.Money,802,10971298.959999999,USD,27,32.05037635191464,9344.226771590085,USD,346.082473021855,USD,0,0,USD
SDAO,SingularityDAO,803,11149953.8707352,USD,,,,,,,,,
WAGMIGAMES,WAGMI Games,804,11288944.969049018,USD,,,,,,,,,
CITY,Manchester City Fan Token,805,10688433.8418,USD,,,,,,,,,
TAOCAT,TAOCat by Virtuals & Masa,806,11270600,USD,,,,,,,,,
TRIAS,Trias Token (new),807,10502499.999999998,USD,,,,,,,,,
HELLO,HELLO Labs,808,10532568.115338,USD,,,,,,,,,
SOUL,Phantasma,809,10117150.255411198,USD,,,,,,,,,
UNCX,UNCX Network,810,10482288.376272872,USD,,,,,,,,,
KATA,Katana Inu,811,9792472.6142695,USD,,,,,,,,,
BCD,Bitcoin Diamond,812,9676743.488985265,USD,,,,,,,,,
ZERC,zkRace,813,9652320,USD,,,,,,,,,
RLY,Rally,814,9752687.530009834,USD,50,32235443.754005015,59804.44211975177,USD,1196.0888423950355,USD,0,0,USD
OUSD,Origin Dollar,815,9484851.80743409,USD,,,,,,,,,
MXC,Moonchain,816,9486745.25484,USD,,,,,,,,,
ATM,Atletico De Madrid Fan Token,817,9229336.8696,USD,,,,,,,,,
ASR,AS Roma Fan Token,818,9191220.6876,USD,,,,,,,,,
WRX,WazirX,819,9047716.733270615,USD,,,,,,,,,
SPS,Splintershards,820,8909416.19633226,USD,,,,,,,,,
AURY,Aurory,821,8964818.034712,USD,,,,,,,,,
MUBI,Multibit,822,8949380,USD,,,,,,,,,
VITE,VITE,823,8789018.088681404,USD,0,0,,,0,USD,0,0,USD
MCB,MUX Protocol,824,8688232.5405,USD,3,59.68162947258404,153.4736727525521,USD,51.15789091751736,USD,0,0,USD
JUV,Juventus Fan Token,825,8620349.7324,USD,,,,,,,,,
NWC,Newscrypto,826,8279866.69677573,USD,,,,,,,,,
KP3R,Keep3rV1,827,8214438.96,USD,67,8046.7471458100545,149045.8521322834,USD,2224.56495719826,USD,0,0,USD
WRLD,NFT Worlds,828,8172664.562205,USD,,,,,,,,,
OPEN,Open Custody Protocol,829,8416478.73039292,USD,,,,,,,,,
LUCE,LUCE,830,8114299.967542799,USD,,,,,,,,,
STOS,Stratos,831,8216085.0695,USD,,,,,,,,,
JEWEL,DeFi Kingdoms,832,7932067.366233385,USD,,,,,,,,,
GAL,Galatasaray Fan Token,833,7828917.096,USD,,,,,,,,,
ACM,AC Milan Fan Token,834,7426078.31574,USD,,,,,,,,,
GXA,GALAXIA,835,7393367.0521567995,USD,,,,,,,,,
DC,Dogechain,836,7591295.9976723185,USD,,,,,,,,,
NEXA,Nexa,837,7352065.214000001,USD,,,,,,,,,
MAGA,MAGA,838,7171397.469955841,USD,,,,,,,,,
FITFI,Step App,839,7268184,USD,,,,,,,,,
BUY,Buying.com,840,7148405.165310001,USD,,,,,,,,,
PEPE20,Pepe 2.0,841,7299046.999999999,USD,,,,,,,,,
MAN,Matrix AI Network,842,7141067.959409272,USD,,,,,,,,,
KAI,KardiaChain,843,6988690,USD,,,,,,,,,
IMGNAI,Image Generation AI,844,7162247.9635934,USD,,,,,,,,,
KWENTA,Kwenta,845,6721540.263808,USD,,,,,,,,,
KAN,BitKan,846,6870005.064246464,USD,1,50009770.09862634,39957.80630880244,USD,39957.80630880244,USD,0,0,USD
SAITO,Saito,847,6929898.113229999,USD,,,,,,,,,
XCHNG,Chainge,848,6758475.646896,USD,,,,,,,,,
KAR,Karura,849,6893366.27276,USD,,,,,,,,,
RVF,RocketX exchange,850,7151644.9985879995,USD,,,,,,,,,
SDN,Shiden Network,851,6828528.472895352,USD,,,,,,,,,
CULT,Cult DAO,852,6903859.0024487125,USD,,,,,,,,,
TOMI,tomi,853,6624569.0045291595,USD,,,,,,,,,
INTER,Inter Milan Fan Token,854,6561375.54688,USD,,,,,,,,,
PUSH,Push Protocol,855,6684899.059524,USD,,,,,,,,,
HNS,Handshake,856,6690346.593023999,USD,,,,,,,,,
HERO,Metahero,857,6515799.074923,USD,,0,,,0,USD,0,0,USD
CEL,Celsius,858,6287942.503699999,USD,322,1976923.8576999998,328762.43753551,USD,1021.0013588059315,USD,0,0,USD
STARL,Starlink,859,6484865.15188324,USD,65,59854171057.33597,38054.5633408289,USD,585.4548206281369,USD,0,0,USD
HYDRA,Hydra,860,6182054.7270166,USD,,,,,,,,,
SRM,Serum,861,6139918.659756,USD,17,,3035.260075900917,USD,,,,,
RIF,Rifampicin,862,6161339.056611607,USD,,,,,,,,,
MEV,MEVerse,863,6368039.556560009,USD,,,,,,,,,
APM,apM Coin,864,6000563.9429440005,USD,,,,,,,,,
BAD,Bad Idea AI,865,6353876.87717063,USD,,,,,,,,,
XCAD,XCAD Network,866,6056530.40537082,USD,,,,,,,,,
IZI,Izumi Finance,867,5945814.88,USD,,,,,,,,,
URO,Urolithin A,868,6002059.605946887,USD,,,,,,,,,
POOLX,Poolz Finance,869,5893525.3511918,USD,,,,,,,,,
CVP,PowerPool,870,5847892.076502063,USD,88,1166112.5317204967,150444.49914275465,USD,1709.5965811676665,USD,0,0,USD
CAPS,Ternoa,871,5770271.230063801,USD,,,,,,,,,
FNCY,FNCY,872,5714154.882297898,USD,,,,,,,,,
SOFI,RAI Finance,873,5720831.381258355,USD,,,,,,,,,
BAX,BABB,874,5388082.514625,USD,3,1641622.3960769903,94.19629308689771,USD,31.398764362299236,USD,0,0,USD
KILT,KILT Protocol,875,5148095.9838,USD,,,,,,,,,
IRIS,IRISnet,876,5282696.633247929,USD,,,,,,,,,
CEUR,Celo Euro,877,4892080.795288967,USD,,,,,,,,,
LLM,Large Language Model,878,4688887.621304,USD,,,,,,,,,
FUSE,Fuse,879,4886001.643036079,USD,,,,,,,,,
KEY,SelfKey,880,4810859.963488838,USD,21,28315194.05367421,22850.361601315086,USD,1088.1124572054805,USD,0,0,USD
GZONE,GameZone,881,4678361.124645378,USD,,,,,,,,,
SIS,Symbiosis,882,4619905.4748720005,USD,,,,,,,,,
CQT,Covalent,883,4537731.879876254,USD,,,,,,,,,
AKITA,Akita Inu,884,4763510.3107815245,USD,58,481359687109.892,33652.36997977041,USD,580.2132755132828,USD,0,0,USD
FEI,Fei USD,885,4538146.627460752,USD,20,38554.62361350697,37340.57931812541,USD,1867.0289659062705,USD,0,0,USD
CENNZ,CENNZnet,886,4636920,USD,,0,,,0,USD,0,0,USD
UNIBOT,Unibot,887,4198000,USD,,5556.250663809696,,,558.5446912930421,USD,0,0,USD
BTM,BytomDAO,888,4451210.955529403,USD,0,0,,,0,USD,0,0,USD
VAL,Validity,889,4005877.8658635155,USD,,,,,,,,,
MTRG,Meter Governance,890,3870299.16015,USD,,,,,,,,,
FRED,First Convicted RACCON,891,3798447.4491167944,USD,,,,,,,,,
GMM,Gamium,892,3665683.061690913,USD,,,,,,,,,
CRU,Crust Network,893,3727492.3311599996,USD,,182092.01667943655,,,0,USD,0,0,USD
BEER,BEERCOIN,894,3539913.2677963916,USD,,,,,,,,,
TSUKA,Dejitaru Tsuka,895,3576100,USD,,,,,,,,,
UNFI,Unifi Protocol DAO,896,3325030.9390661586,USD,,46460.01687154,,,1802.8956013757522,USD,0,0,USD
CPH,Cypherium,897,3302150.161167,USD,,,,,,,,,
BTS,BitShares,898,3142416.9519999996,USD,,,,,,,,,
VGX,VGX Token,899,3209059.9348081257,USD,0,0,,,0,USD,0,0,USD
PRE,Presearch,900,3155614.2651385,USD,30,2407682.99820188,19210.616962796787,USD,640.3538987598929,USD,0,0,USD
FRA,Findora,901,3226083.9202694576,USD,,,,,,,,,
OPTI,Optimus AI,902,3024201.828858,USD,,,,,,,,,
DOME,Everdome,903,3071352.64689122,USD,,,,,,,,,
BOND,BarnBridge,904,2984621.065022922,USD,68,83438.89148971981,26911.99958044894,USD,395.7646997124844,USD,0,0,USD
MDX,Mdex,905,2888085.5168234077,USD,,,,,,,,,
NEST,NEST Protocol,906,2804213.24400036,USD,3,331245.8261608164,302.0544775916176,USD,100.68482586387255,USD,0,0,USD
RAI,Rai Reflex Index,907,2749232.6875053816,USD,54,16863.939106705344,50698.508429101006,USD,938.8612672055742,USD,0,0,USD
ORC,Orbit Chain,908,2672564.973256141,USD,,,,,,,,,
COT,Cosplay Token,909,2639998.0745087997,USD,,,,,,,,,
REVV,REVV,910,2608812.098655,USD,,,,,,,,,
FER,Ferro,911,2500113.8442209996,USD,,,,,,,,,
LBC,LBRY Credits,912,2382797.360314621,USD,,,,,,,,,
WOLF,LandWolf (SOL),913,2561329.8765827734,USD,,,,,,,,,
ABBC,ABBC Coin,914,2372712.2199080805,USD,,,,,,,,,
BSCPAD,BSCPAD,915,2345693.732673,USD,,,,,,,,,
EPX,Ellipsis,916,2277911.3739374788,USD,,,,,,,,,
SPH,Spheroid Universe,917,2268125.7588678,USD,,,,,,,,,
BITCI,Bitcicoin,918,2180673.38118656,USD,,,,,,,,,
PKF,Red Kite,919,2063999.7096485405,USD,,,,,,,,,
BBF,Bubblefong,920,2050922.211989,USD,,,,,,,,,
BRICK,r/FortNiteBR Bricks,921,1988796.47664,USD,,,,,,,,,
FOR,ForTube,922,2168998.5,USD,113,162547436.25866953,333346.6165926749,USD,2949.970058342256,USD,1,127996.23940857098,USD
TABOO,TABOO TOKEN,923,2018655.621808,USD,,,,,,,,,
DUST,DUST Protocol,924,1975178.27935,USD,,,,,,,,,
COVAL,Circuits of Value,925,1998537.195585257,USD,,,,,,,,,
AKRO,Akropolis,926,1891821.5966798963,USD,63,140075422.5043682,57887.162034023175,USD,918.8438418098916,USD,0,0,USD
MLT,MILC Platform,927,1811232.3207580103,USD,,,,,,,,,
VEXT,Veloce,928,1720023.767590473,USD,,,,,,,,,
FSN,Fusion,929,1669071.7715110711,USD,0,0,26.9855642,USD,0,USD,0,0,USD
OAX,OAX,930,1668180.9386580253,USD,2,9919.28823934,208.10666726135318,USD,104.05333363067659,USD,0,0,USD
GMMT,Giant Mammoth,931,1529082.6691096,USD,,,,,,,,,
SOLVE,SOLVE,932,1455909.9645335001,USD,40,8007736.387141501,15641.91187182285,USD,391.04779679557123,USD,0,0,USD
RMRK,RMRK,933,1557824.9669511986,USD,,,,,,,,,
WSM,Wall Street Memes,934,1340913.494713556,USD,,,,,,,,,
PLANET,PLANET,935,1335158.745,USD,,,,,,,,,
TAMA,Tamadoge,936,1223628.86339361,USD,,,,,,,,,
AGLA,Angola,937,1167895.3800000001,USD,,,,,,,,,
GFT,Gifto,938,1192870.2713921142,USD,,,,,,,,,
VEGA,Vega Protocol,939,1054553.072468,USD,,,,,,,,,
WOZX,Efforce,940,1154690.3552237952,USD,,,,,,,,,
HVH,HAVAH,941,1116313.4991827998,USD,,,,,,,,,
OOKI,Ooki Protocol,942,1098665.3159999999,USD,,,,,,,,,
YOOSHI,YooShi,943,1049580.4063130373,USD,,,,,,,,,
ZKB,ZKBase,944,938610.0160000001,USD,,,,,,,,,
MULTI,Multichain,945,899148.5204866555,USD,145,152695.2306876213,181956.34169029188,USD,1254.871322002013,USD,0,0,USD
SSG,SOMESING,946,767190.3303896,USD,,,,,,,,,
RBLS,Rebel Bots,947,691526.3210665,USD,,,,,,,,,
GRV,Grove Coin,948,668274.2033805001,USD,,,,,,,,,
NVIR,NvirWorld,949,484039.70780858,USD,,,,,,,,,
THN,Throne,950,478358.9815746,USD,,,,,,,,,
HSF,Hillstone Finance,951,453653.395636,USD,,,,,,,,,
WAIT,Hourglass,952,397752.79622814554,USD,,,,,,,,,
DREP,Drep [new],954,289930,USD,,,,,,,,,
VTS,Veritise,955,329271.6145048,USD,,,,,,,,,
PNT,pNetwork,956,279191.41080486716,USD,3,,18.03542457598859,USD,,,,,
PERL,PERL.eco,957,186954.44555548,USD,0,0,,,0,USD,0,0,USD
CVTX,Carrieverse,958,175838.3638008,USD,,,,,,,,,
ORB,OrbCity,959,155623.6773368823,USD,,,,,,,,,
KALM,KALM,960,139330.80000000002,USD,,,,,,,,,
PTS,Petals,961,40952.612499999996,USD,,,,,,,,,
EVA,Evadore,962,26570.644924,USD,,,,,,,,,
FTM,Fantom,,,,478,6447573.375511939,3055505.0226551075,USD,6392.26992187261,USD,4,963405.5935023869,USD
1000SATS,1000SATS,,,,,,,,,,,,