Moneda,Descripción,Ranking,Capitalización de mercado,Capitalización de mercado - Divisa,AltRank,Puntuación Galaxy,Dominancia social %,Sensación %,Volumen social 24 horas,Tuits 24 horas,Compromisos de GitHub
BTC,Bitcoin,1,2013537926231.3699,USD,1,72,28.360582799339262,67,166368,123125,48196
ETH,Ethereum,2,347090990269.1627,USD,522,68,16.676809570810256,71,97597,80396,431051
XRP,XRP,3,156330951251.8572,USD,44,43,5.654115035875196,74,33168,29146,
USDT,Tether USDt,4,139538645552.84302,USD,636,44,1.729919180657908,94,10148,10109,
SOL,Solana,5,105855352677.05211,USD,163,69,19.146223174575574,79,112315,96630,
BNB,BNB,6,87635462443.02272,USD,265,68,1.6733234802264512,79,9816,9682,
USDC,USDC,7,54372193112.39709,USD,491,48,2.030285518489918,82,11910,10754,5
DOGE,Dogecoin,8,42836943960.576385,USD,143,43,5.619339364525747,83,32964,27338,18262
ADA,Cardano,9,28872448025.077507,USD,210,43,2.829785021572849,78,16600,13964,
TRX,TRON,10,19785983175.833736,USD,272,45,0.70625297255279,86,4143,4133,
LINK,Chainlink,11,13964179753.388784,USD,172,48,2.7176164345731544,86,15942,14888,228237
AVAX,Avalanche,12,11776172106.776798,USD,769,47,1.2989736062882598,92,7617,7593,
SUI,Sui,13,11540983283.649048,USD,38,47,2.5053825579551905,87,14697,14637,
XLM,Stellar,14,11291376716.687538,USD,65,46,1.0185521387890224,81,5975,5953,
HBAR,Hedera,15,10574847360.480038,USD,61,44,1.2791992049326903,84,7504,7426,
TON,Toncoin,16,10281607983.1243,USD,784,40,0.9409887541615739,85,5520,5508,
SHIB,Shiba Inu,17,9895931351.662642,USD,118,43,2.4804940872835255,82,14536,13704,
LEO,UNUS SED LEO,18,9045878654.7172,USD,3416,47,0.0017046897720318366,100,10,9,
HYPE,Hyperliquid,19,8396290157.919999,USD,17,58,0.7556889759417132,82,4433,4433,
LTC,Litecoin,20,8173094550.86186,USD,259,62,2.025000980196619,84,11879,10903,84178
DOT,Polkadot,21,8106901975.451878,USD,778,43,1.0270755876491817,80,6020,5993,
BGB,Bitget Token,22,7886880000,USD,3304,16,0.003068441589657306,75,18,15,
BCH,Bitcoin Cash,23,7001801910.375,USD,866,69,0.38321426075275694,80,2248,1988,2721
USDE,Ethena USDe,24,6044720640.463735,USD,1066,52,0.07637010178702629,76,448,445,
UNI,Uniswap,25,6074059796.025337,USD,117,42,0.9677523835824738,88,5677,5669,
OM,MANTRA,26,5881079836.178404,USD,53,59,0.15376301743727167,94,902,897,
DAI,Dai,27,5359266166.383834,USD,638,46,0.21564325616202734,79,1265,1260,321524
PEPE,Pepe,28,4750598626.759942,USD,558,42,3.823789627644613,83,22401,20765,
ONDO,Ondo,29,4502360050.3308,USD,38,48,1.446088333614607,89,8483,8463,
NEAR,NEAR Protocol,30,4465871833.696,USD,398,43,0.7643828937790755,89,4484,4213,
AAVE,Aave,31,4266375572.780864,USD,140,66,0.5673207561321952,95,3326,3324,76621
XMR,Monero,32,4189440046.5801764,USD,147,68,0.3813391020035219,81,2237,2232,
MNT,Mantle,33,4149677582.352676,USD,40,51,0.7374487953809725,95,4326,4290,
TRUMP,OFFICIAL TRUMP,34,3992400000,USD,,,,,,,
APT,Aptos,35,3732146765.7360606,USD,612,43,0.611642690205023,82,3588,3583,
ICP,Internet Computer,36,3700947684.0312195,USD,867,44,0.9426934439336057,89,5530,5500,
ETC,Ethereum Classic,37,3339289059.1759024,USD,844,38,0.41389867664933,84,2428,2417,
VET,VeChain,38,3187571220.72672,USD,881,43,1.1170832076124626,90,6553,6185,
TAO,Bittensor,39,3207390877.44,USD,22,67,1.1252657185182156,83,6601,6385,
CRO,Cronos,40,3038192249.98064,USD,32,42,0.6777846533598584,74,3976,3700,
OKB,OKB,41,2966220000,USD,1301,48,0.1055202968887707,62,619,529,
POL,POL (ex-MATIC),42,2964884659.4392724,USD,695,36,0.4019658482451071,85,2358,2355,
KAS,Kaspa,43,2918024234.0652313,USD,843,43,1.5650756797024292,81,9181,8294,
RENDER,Render,44,2655627248.6937017,USD,108,43,0.897519164974762,76,5265,5248,
ALGO,Algorand,45,2640414929.33495,USD,51,44,0.6828987226759539,88,4006,3984,31157
JUP,Jupiter,46,2607794075.7788763,USD,121,42,0.874335384075129,79,5129,5078,
FIL,Filecoin,47,2230594805.6056004,USD,827,41,0.34281311315560237,88,2011,2008,
ARB,Arbitrum,48,2231876590.5212,USD,416,42,0.8173987456892658,88,4795,4779,
FET,Artificial Superintelligence Alliance,49,2128739862.3674035,USD,189,41,1.2208988147292015,87,7154,7023,
ENA,Ethena,50,2182117437.5,USD,42,45,0.6781255913142646,91,3978,3967,
DEXE,DeXe,51,1983475535.5325394,USD,71,57,0.2787167777272053,86,1635,1634,
GT,GateToken,52,1970547257.0157669,USD,1091,44,0.16245693527463403,93,953,938,
ATOM,Cosmos,53,1940050080.7704,USD,788,44,0.3734975290521754,85,2191,2161,
RAY,Raydium,54,1849883913.6990001,USD,46,40,0.849276444426261,86,4978,4470,
FDUSD,First Digital USD,55,1773460102.111654,USD,1378,42,0.09154184075810963,78,537,533,
TIA,Celestia,56,1790621566.2050161,USD,139,47,0.9784919291462743,91,5740,5215,
LDO,Lido DAO,57,1721272307.5062335,USD,908,42,0.5030539517265951,85,2951,2945,79118
OP,Optimism,58,1628280749.5609999,USD,238,42,0.5245330428541962,85,3077,3075,205372
INJ,Injective,59,1603329153.642,USD,626,42,1.2810743636819253,88,7508,7487,228465
STX,Stacks,60,1595275336.330515,USD,619,41,0.41986509085144136,91,2463,2441,
BONK,Bonk,61,1550495279.9896047,USD,167,42,1.5986580682114566,84,9378,9307,
KCS,KuCoin Token,62,1576619438.235217,USD,1151,41,0.1817199296985938,92,1066,1063,3285
THETA,Theta Network,63,1576700000,USD,707,41,0.4689601562859583,92,2751,2745,
IMX,Immutable,64,1565182855.3674254,USD,683,41,0.30548040714810515,36,1792,1431,48853
MOVE,Movement,65,1539597000,USD,,,,,,,
XDC,XDC Network,66,1485377488.7242796,USD,113,41,0.31417432498546755,88,1843,1830,
GRT,The Graph,67,1428651284.4013383,USD,292,42,0.2516122103518991,69,1476,1471,92088
WLD,Worldcoin,68,1419400805.2204835,USD,184,41,0.4283885397116006,87,2513,2505,
S,Sonic (prev. FTM),69,1360252800,USD,,,,,,,
JASMY,JasmyCoin,70,1327004901.3358772,USD,133,43,0.5605019970440679,73,3288,3179,
FLR,FLARE,71,1308542784.2715259,USD,1644,36,0.024888470671664813,86,146,117,
QNT,Quant,72,1160962777.032,USD,256,60,0.8092162347835129,87,4747,4713,699
SEI,Sei,73,1140961249.7712002,USD,787,43,0.7371078574265663,87,4324,4286,
SAND,The Sandbox,74,1064877275.61511,USD,603,42,0.45395888629207815,89,2661,2603,12846
ENS,Ethereum Name Service,75,1051785059.9271928,USD,190,48,0.16228646629743085,82,952,879,27600
FLOKI,FLOKI,76,1032934678.7362659,USD,195,42,0.9273512359853192,86,5440,5388,49435
VIRTUAL,Virtuals Protocol,77,1025517281.3592278,USD,121,40,0.2655906664825602,84,1558,1548,
EOS,EOS,78,1000908191.8836895,USD,702,40,0.21257481457237007,92,1247,1238,
XTZ,Tezos,79,969555997.9476779,USD,33,42,0.611642690205023,86,3588,3174,
XCN,Onyxcoin,80,938334201.5741249,USD,27,46,0.7831344812714257,79,4594,4188,
NEXO,Nexo,81,917397863.0281373,USD,508,46,0.11233905597689804,84,659,654,623
GALA,Gala,82,905099405.532826,USD,242,44,0.2940589856754918,79,1725,1690,
BTT,BitTorrent-New,83,915054879.9598674,USD,1023,43,0.11574843552096173,82,679,677,
KAIA,Kaia,84,916605559.8246489,USD,1358,48,0.07227884633414988,94,424,415,
JTO,Jito,85,902913985.4598399,USD,198,45,0.2758188051147512,87,1618,1615,
IOTA,IOTA,86,892986718.4593201,USD,248,41,0.1829132125390161,84,1073,1071,
WIF,dogwifhat,87,873446999.8560996,USD,1225,36,0.18018570890376515,68,1057,712,
FARTCOIN,Fartcoin,88,850638516.48384,USD,2,54,1.4435312989565594,79,8466,8017,
MKR,Maker,89,881161933.1569054,USD,1050,66,0.35525734849143475,85,2084,2023,
PENGU,Pudgy Penguins,90,844843723.4501376,USD,205,43,0.9634906591523942,75,5652,5525,
SPX,SPX6900,91,841934291.0739039,USD,112,43,0.5576040244316138,77,3271,3023,
BSV,Bitcoin SV,92,859999291.5625,USD,262,51,0.14251206494186155,66,836,794,
FLOW,Flow,93,838685962.5508238,USD,295,44,0.2638859767105283,87,1548,1546,
NEO,Neo,94,829818807.884,USD,293,40,0.3550868795142316,92,2083,2080,
PYTH,Pyth Network,95,823633537.2103555,USD,734,43,0.2464981410358036,86,1446,1442,
AR,Arweave,96,795117015.7260001,USD,1035,43,0.29832071010557143,90,1750,1736,
AERO,Aerodrome Finance,97,769614269.3470683,USD,97,43,0.2078016832106809,73,1218,1186,
USDD,USDD,98,741202760.6566664,USD,1430,49,0.0407420855515609,71,239,238,
CRV,Curve DAO Token,99,753158101.80193,USD,79,34,0.313662918053858,69,1840,1836,21399
MELANIA,Official Melania Meme,100,728788228.2241678,USD,,,,,,,
RON,Ronin,101,723818802.2095112,USD,989,43,0.3677015838272672,71,2157,2152,
DEEP,DeepBook Protocol,102,708694720,USD,61,48,0.20405136571221089,85,1197,1183,
AXS,Axie Infinity,103,706386334.3096929,USD,904,40,0.5601610590896615,77,3286,3283,26966
STRK,Starknet,104,712627198.7299503,USD,541,40,0.46725546651392647,83,2741,2648,
AIOZ,AIOZ Network,105,681701991.9061012,USD,148,43,0.156831459026929,83,920,907,
XAUT,Tether Gold,106,692382375.92,USD,1618,72,0.054038665773409225,73,317,309,
MANA,Decentraland,107,688257547.0423001,USD,742,42,0.6482935203037076,90,3803,3606,
EGLD,MultiversX,108,687620236.44201,USD,886,44,0.29610461340193006,76,1737,1730,
HNT,Helium,109,656555118.7516797,USD,355,43,0.23303109183675208,91,1367,1361,
MATIC,Polygon,110,661480204.28952,USD,595,43,1.0949222405760488,92,6423,6169,134504
FTT,FTX Token,111,638220948.9495281,USD,244,42,0.48208626753060346,74,2828,2543,
BRETT,Brett (Based),112,633670425.332695,USD,105,41,0.7727358736620316,71,4533,4486,
BEAM,Beam,113,630839951.1545041,USD,236,42,0.31042400748699744,86,1821,1819,
CFX,Conflux,114,594115388.8943416,USD,1165,35,0.4215697806234733,81,2473,2374,
CHZ,Chiliz,115,589762325.224905,USD,164,40,0.43844620936658846,87,2572,2569,
ZEC,Zcash,116,581923169.98125,USD,314,47,0.13347720915009284,64,783,778,
W,Wormhole,117,581699637.3934,USD,1055,41,0.32934606395655086,51,1932,1921,
PAXG,PAX Gold,118,572867765.16256,USD,1096,66,0.13432955403610874,87,788,774,200555
APE,ApeCoin,119,575560140.03565,USD,647,42,0.6946610821029735,84,4075,4002,33964
AKT,Akash Network,120,577761044.1764752,USD,109,42,0.2415545406969113,77,1417,1414,
KAVA,Kava,121,562282670.4191201,USD,144,53,0.13944362335220423,89,818,816,
XEC,eCash,122,550465676.4654254,USD,446,44,0.12461282233552726,67,731,727,
RSR,Reserve Rights,123,534506314.08537453,USD,958,39,0.21274528354957323,79,1248,1242,
MORPHO,Morpho,124,530550740.3679713,USD,1041,41,0.07125603247093078,81,418,415,
CORE,Core,125,528391093.4698818,USD,1392,48,0.02676362942089984,87,157,139,
RUNE,THORChain,126,510696807.02680004,USD,100,38,1.03662185037256,77,6071,6064,
COMP,Compound,127,514760568.35825336,USD,847,44,0.1808675848125779,86,1061,1054,116161
PENDLE,Pendle,128,523508974.25325274,USD,169,37,0.1650139699326818,82,968,963,
AI16Z,ai16z,129,498354645.2238282,USD,182,42,0.23916797501606668,71,1403,1390,
AMP,Amp,130,500200727.70094186,USD,640,48,0.2529759621695246,70,1484,1349,
EIGEN,EigenLayer,131,528136015.4437919,USD,1313,42,0.19484604094323893,85,1143,1138,
TUSD,TrueUSD,132,494108817.32428,USD,1298,44,0.07585869485541674,60,445,428,
GIGA,Gigachad,133,496246464.577248,USD,10,46,0.9980958615246404,81,5855,5091,
GNO,Gnosis,134,484753916.8630257,USD,1498,65,0.07125603247093078,72,418,416,
PYUSD,PayPal USD,135,477369616.2726813,USD,1559,38,0.033070981577417634,70,194,189,
ZK,zkSync,136,452833500,USD,72,39,0.4965761305928741,84,2913,2705,
MINA,Mina,137,460038226.8975029,USD,919,41,0.13074970551484189,78,767,767,
VTHO,VeThor Token,138,446891749.27386886,USD,245,39,0.309060255669372,75,1813,1719,
CAKE,PancakeSwap,139,449410032.20319206,USD,1203,42,0.298832117037181,87,1753,1744,
NFT,APENFT,140,444285557.1,USD,2030,32,0.013126111244645144,80,77,72,
SNX,Synthetix,141,432819426.6627583,USD,964,45,0.12597657415315272,80,739,736,
TOSHI,Toshi,142,422772036.879,USD,4,54,0.913372779854658,82,5358,5132,
SUPER,SuperVerse,143,401458635.87746876,USD,999,40,0.2620108179612933,82,1537,1494,
AXL,Axelar,144,410665829.1720477,USD,2808,40,0.010910014541003755,94,64,63,
MOG,MOG Coin,145,425144469.5483494,USD,30,43,0.7648943007106852,78,4487,3793,
1INCH,1inch Network,146,388908948.80880386,USD,679,36,0.03204816771419853,65,188,183,
LUNC,Terra Classic,147,373120196.7962655,USD,288,43,0.35662110030906025,85,2092,2084,
ACH,Alchemy Pay,148,359403888.0929132,USD,222,41,0.7018207791455072,44,4117,3993,
CTC,Creditcoin,149,367694934.37806,USD,338,38,0.07739291565024539,74,454,444,
GRASS,GRASS,150,357491691.8787,USD,149,44,0.22212107729574834,87,1303,1291,
TFUEL,Theta Fuel,151,363074264.54887503,USD,1227,45,0.07466541201499445,71,437,431,
TWT,Trust Wallet Token,152,363556203.243,USD,1379,42,0.08830293019124914,72,518,514,
ROSE,Oasis,153,347286890.86332196,USD,592,40,0.4425374648194648,87,2596,2421,
KSM,Kusama,154,345633209.422881,USD,237,45,0.11353233881732033,84,666,665,
SAFE,Safe,155,346799147.78106,USD,1532,41,0.055572886568237875,81,326,325,
LPT,Livepeer,156,345322879.094956,USD,1314,38,0.10637264177478661,79,624,615,
MX,MX TOKEN,157,334163292.2128,USD,1338,51,0.05045881725214237,82,296,288,
JST,JUST,158,335382300,USD,1659,36,0.04261724430079592,63,250,250,
ZRO,LayerZero,159,332508000,USD,702,42,0.24291829251453673,79,1425,1374,
QTUM,Qtum,160,329607260.66400003,USD,995,39,0.2078016832106809,73,1219,1211,
AIXBT,aixbt by Virtuals,161,318191896.9066781,USD,86,39,0.5443074442097654,87,3193,3181,
BLUR,Blur,162,327281770.91650593,USD,779,42,0.1912661924219721,92,1122,1121,
DASH,Dash,163,326533694.602718,USD,973,42,0.14131878210143928,70,829,826,
CKB,Nervos Network,164,323470264.5321092,USD,1156,42,0.10534982791156752,54,618,612,
NOT,Notcoin,165,319624724.70922756,USD,2670,35,0.013637518176254693,81,80,74,
SFP,SafePal,166,320282625,USD,370,44,0.10466795200275478,90,614,411,
ASTR,Astar,167,314657224.986852,USD,1576,45,0.02182002908200751,96,128,124,
MEW,cat in a dogs world,168,311626666.6635504,USD,641,42,0.16382068709225953,71,961,944,
HOT,Holo,169,307942986.1947081,USD,750,44,0.13654565073975014,80,801,792,
PRIME,Echelon Prime,170,310287987.29760003,USD,114,40,0.173537418792841,67,1018,1017,
TURBO,Turbo,171,300481200,USD,605,40,0.5165210009256466,76,3030,2973,
ZIL,Zilliqa,172,303751573.95761794,USD,802,42,0.2299626502470948,78,1349,1277,
ORDI,ORDI,173,289695000,USD,1059,42,0.3857712954108047,90,2261,2258,
ZRX,0x Protocol,174,290974569.17690206,USD,1401,39,0.08370026780676319,93,491,490,89061
BAT,Basic Attention Token,175,287390753.28844315,USD,1135,44,0.10415654507114523,79,611,601,
WEMIX,WEMIX,176,283658693.4581277,USD,639,43,0.039719271688341794,74,233,232,
TRAC,OriginTrail,177,284277175.7361931,USD,263,43,0.13535236789932784,77,794,785,
BABYDOGE,Baby Doge Coin,178,277803329.07402134,USD,770,48,0.038696457825122696,85,227,223,
GLM,Golem,179,272700000,USD,1283,43,0.07500634996940082,70,440,439,
MOCA,Moca Network,180,269914539.37103605,USD,1306,39,0.10466795200275478,84,614,613,
SATS,SATS (Ordinals),181,268065000.00000003,USD,840,43,0.21291575252677641,92,1249,1244,
GAS,Gas,182,263894860.79239997,USD,357,39,0.1861521231058766,91,1092,1087,
ATH,Aethir,183,264699699.517084,USD,957,50,0.13126111244645144,93,770,649,
ETHFI,ether.fi,184,292701755.55840003,USD,1085,41,0.1316020504008578,75,772,765,
POPCAT,Popcat (SOL),185,251088729.35821202,USD,45,45,0.9377498435947134,66,5501,5009,
CELO,Celo,186,256672386.45508,USD,828,48,0.3605418867847335,80,2115,1943,
SKL,SKALE,187,260831730.769689,USD,1010,40,0.21308622150397963,76,1250,1244,
SUSHI,SushiSwap,188,255024046.20790038,USD,671,40,0.13961409232940744,70,819,811,
SC,Siacoin,189,252476591.9962769,USD,212,41,0.20524464855263316,68,1204,1199,
ID,SPACE ID,190,252030740.12382048,USD,2852,36,0.012273766358629224,78,72,67,
XYO,XYO,191,247230936.40974,USD,155,44,0.25843096944002647,82,1516,1403,
MASK,Mask Network,192,249660000,USD,107,59,0.15802474186735127,86,927,832,200849
ANKR,Ankr,193,246080000,USD,897,38,0.12699938801637184,72,745,743,
CVX,Convex Finance,194,245785365.20735812,USD,927,41,0.3919081785901193,71,2299,2279,2326
T,Threshold,195,241886410.58869347,USD,4035,44,0.0032389105668604898,83,19,,
WOO,WOO,196,239875989.40571117,USD,620,41,0.33463060224984953,95,1963,1956,
ZETA,ZetaChain,197,237093406.05321,USD,1129,41,0.13313627119568647,69,780,750,
IO,io.net,198,236063030.9314,USD,777,38,0.1495012930071921,80,877,825,
RVN,Ravencoin,199,234582699.36687496,USD,1154,46,0.16961663231716775,75,995,907,
STETH,Lido Staked ETH,200,27196419545.874714,USD,840,65,0.18717493696909568,89,1098,1074,
WBTC,Wrapped Bitcoin,201,13152289319.04256,USD,247,76,0.1839360264022352,59,1077,1070,
WBETH,Wrapped Beacon ETH,202,6174382219.557063,USD,2510,63,0.020967684195991595,27,123,123,
WEETH,Wrapped eETH,203,5945607788.880222,USD,2183,69,0.031195822828182614,76,183,182,
BIT,BitDAO,204,2189542301.0059624,USD,2266,60,0.007330166019736898,67,43,26,
FTN,Fasttoken,205,1708443711.0593,USD,1831,39,0.039719271688341794,67,233,231,
MSOL,Marinade Staked SOL,206,1138290040.8,USD,763,74,0.034605202372246284,75,203,203,
ZBU,ZEEBU,207,1015968502.874772,USD,1515,39,0.07159697042533715,80,420,405,
TEL,Telcoin,208,662273060.1765205,USD,13,59,0.4104892971052663,78,2408,2358,
FRAX,Frax,209,647192892.8042616,USD,2180,42,0.03170722975979216,70,186,186,69244
KLAY,Klaytn,210,588048741.2432,USD,1573,49,0.020797215218788412,100,122,104,
BDX,Beldex,211,535237623.0674539,USD,415,50,0.08131370212591861,79,477,473,
CHEEL,Cheelee,212,452613291.2500286,USD,1062,32,0.025229408626071186,71,148,148,
SNEK,Snek,213,411683332.7425287,USD,351,43,0.4166261802845809,80,2444,2434,
DOG,Dog (Bitcoin),214,363050000,USD,57,45,0.8005223169461506,76,4696,4617,
TRIBE,Tribe,215,311054773.1408582,USD,2911,49,0.03630989214427813,55,213,213,14369
ARC,AI Rig Complex,216,299289496.89351,USD,,,,,,,
BORG,Swissborg,217,302522087.0553436,USD,551,52,0.05710710736306653,74,335,333,
OCEAN,Ocean Protocol,218,239028970.66613376,USD,477,40,0.13143158142365463,89,771,770,49656
ONE,Harmony,219,234268477.79071653,USD,757,42,0.1870044679918925,84,1097,1019,
ACT,Act I : The AI Prophecy,220,229371233.70571163,USD,7,49,0.6523847757565839,85,3824,3821,
ELF,aelf,221,227781784.07293656,USD,2586,46,0.012614704313035593,95,74,71,73262
OSMO,Osmosis,222,229052227.18070957,USD,713,39,0.14080737516982972,70,826,822,
ENJ,Enjin Coin,223,228105572.65270084,USD,1247,38,0.1356933058537342,88,796,793,6840
UXLINK,UXLINK,224,227165558,USD,425,40,0.09273512359853192,94,544,464,
ZKJ,Polyhedra Network,225,227548565.35265404,USD,805,43,0.156831459026929,63,920,914,
MPLX,Metaplex,226,224045690.86878002,USD,385,37,0.18120852276698426,87,1063,1055,
IOTX,IoTeX,227,220380436.52849403,USD,1172,41,0.07739291565024539,71,454,446,
GRIFFAIN,GRIFFAIN,228,218414031.85279998,USD,8,48,0.19812068997494037,85,2480,1806,
CPOOL,Clearpool,229,221723837.8363141,USD,122,40,0.24036125785648899,88,1410,1397,
QUBIC,QUBIC,230,221678439.73094928,USD,675,44,0.46844874935434877,87,2748,2736,
ZEN,Horizen,231,221209296.428125,USD,1892,38,0.1222262566546827,77,717,712,
ETHW,EthereumPoW,232,218257999.77677333,USD,1916,40,0.04892459645731372,39,287,283,
DRIFT,Drift,233,213239299.9640989,USD,350,36,0.32235683589122033,95,1891,1886,
PEAQ,peaq,234,211579262.02545503,USD,274,43,0.12001015995104132,90,704,699,
YFI,yearn.finance,235,216422287.26002064,USD,295,66,0.22109826343252922,82,1297,1251,19576
BIO,Bio Protocol,236,213133163.93241596,USD,,,,,,,
VANA,Vana,237,210464655.6,USD,1229,40,0.1222262566546827,77,717,715,
MEME,Memecoin,238,202204413.81524968,USD,182,49,0.5840267158981073,88,3426,3422,
PNUT,Peanut the Squirrel,239,195431412.7377421,USD,80,43,0.7798955707045654,79,4575,4557,
GOMINING,Gomining,240,197047708.4553326,USD,1447,46,0.039719271688341794,89,233,187,
ARKM,Arkham,241,197853896,USD,1112,41,0.10262232427631658,73,602,598,
GMT,GMT,242,194031516.3099867,USD,820,41,0.18734540594629887,89,1099,1096,
AVAIL,Avail,243,196144668.46289,USD,1418,48,0.04687896873087551,89,275,275,
XCH,Chia,244,191343490.88099998,USD,1662,41,0.07227884633414988,69,424,423,
G,Gravity,245,192785973.66,USD,2436,50,0.008693917837362368,90,51,48,
PAAL,PAAL AI,246,203070275.7470143,USD,26,48,0.35150703099296476,88,2062,2060,
SPELL,Spell Token,247,181932923.9006514,USD,669,39,0.2962750823791332,76,1738,1519,
XEM,NEM,248,187784999.979135,USD,1264,37,0.05489101065942514,77,322,322,
LRC,Loopring,249,186722081.2140827,USD,1226,40,0.11353233881732033,67,666,663,82421
KDA,Kadena,250,186740003.21373302,USD,701,42,0.2064379313930554,70,1211,1203,
GMX,GMX,251,187900150.40065467,USD,729,43,0.17404882572445052,79,1021,1019,
LUNA,Terra,252,186214718.63911405,USD,673,41,0.5601610590896615,85,3286,3235,
SUN,Sun (New),253,185735365.67071998,USD,4947,37,0.00034093795440636734,,2,,
ANIME,Animecoin,254,186274351.790592,USD,,,,,,,
TAI,TARS AI,255,181041682.93929997,USD,54,53,0.28621741272414536,87,1679,1667,
DCR,Decred,256,183428509.67285874,USD,1466,37,0.07483588099219764,38,439,438,
USUAL,Usual,257,180930170.04428762,USD,802,42,0.23967938194767624,86,1406,1395,
ONT,Ontology,258,179144335.37196,USD,979,38,0.15819521084455446,79,928,911,296777
DAG,Constellation,259,179380758.14778602,USD,129,45,0.32798231213892537,89,1924,1906,
ETHDYDX,dYdX (ethDYDX),260,178602620.03763825,USD,3126,48,0.006818759088127346,100,40,40,56080
BICO,Biconomy,261,175870018.24897346,USD,843,32,0.1367161197169533,69,802,784,
CSPR,Casper,262,177997393.731647,USD,166,43,0.13023829858323233,83,764,758,
MANTA,Manta Network,263,176591387.90023884,USD,798,40,0.23507671956319026,79,1379,1291,
POLYX,Polymesh,264,175653886.2024685,USD,1261,41,0.08932574405446825,71,524,504,
NEIRO,First Neiro On Ethereum,265,171710683.4908496,USD,,,,,,,
HONEY,Hivemapper,266,168431472.22417846,USD,544,49,0.06511914929161616,85,382,312,
HIVE,Hive,267,173219178.1195344,USD,247,44,0.1870044679918925,82,1097,1096,
ME,Magic Eden,268,168941124.90065974,USD,546,44,0.5845381228297168,73,3429,3332,
FXS,Frax Share,269,169096941.67823115,USD,1487,42,0.11131624211367895,66,653,648,69244
AEVO,Aevo,270,169230602.85419947,USD,1188,40,0.17882195708613968,66,1049,1041,
METIS,Metis,271,170481694.405,USD,982,40,0.16740053561352639,79,982,971,57551
LCX,LCX,272,173220776.5995,USD,177,40,0.20967684195991593,74,1230,1006,
FLUX,Flux,273,168164179.11944228,USD,807,39,0.22689420865743748,78,1331,1329,
BOME,BOOK OF MEME,274,165756614.47511482,USD,730,39,0.35167749997016795,64,2063,2041,
BAND,Band Protocol,275,162704378.8952995,USD,1191,40,0.17711726731410785,74,1039,1024,49123
FIDA,Solana Name Service,276,161786175.72625375,USD,1399,41,0.0792680743994804,70,465,462,
DGB,DigiByte,277,159083204.68962318,USD,382,42,0.12273766358629225,76,720,693,
ORBR,Orbler,278,155902721.9925,USD,671,50,0.021138153173194778,86,124,124,
SSV,ssv.network,279,161076666.62587652,USD,1362,42,0.11387327677172669,78,668,618,
SOLO,Sologenic,280,159995077.50796,USD,1126,39,0.06460774236000662,92,379,354,
COW,CoW Protocol,281,155135217.51022848,USD,445,41,0.08932574405446825,89,524,524,
ACX,Across Protocol,282,159298628.13601765,USD,213,40,0.1189873460878222,84,698,687,
UPC,UPCX,283,155560726.61894,USD,1649,39,0.03699176805309086,51,217,217,
WAVES,Waves,284,155717157.1484,USD,913,45,0.1411483131242361,83,828,826,
ANON,Hey Anon,285,159126332.73299047,USD,,,,,,,
DYM,Dymension,286,154360546.50114,USD,1060,41,0.13415908505890556,52,787,781,
CHEEMS,Cheems (cheems.pet),287,154182791.94685304,USD,,,,,,,
UMA,UMA,288,153715296.66966644,USD,1146,41,0.1189873460878222,82,698,697,43635
COTI,COTI,289,152193921.4047276,USD,138,43,0.19041384753595617,75,1117,1105,
SXP,Solar,290,152851447.6889369,USD,755,37,0.05710710736306653,44,335,332,
VINE,Vine Coin,291,146179138.12272,USD,,,,,,,
ZIG,ZIGChain,292,148920778.02989402,USD,922,42,0.23422437467717439,79,1374,1327,
GOAT,Goatseus Maximus,293,145999407.66838253,USD,82,40,0.8656414662377667,86,5078,5065,
VELO,Velo,294,144624216.918555,USD,99,41,0.382361915866741,77,2243,2232,6141
WAXP,WAX,295,144773462.52677977,USD,935,32,0.02318378089963298,96,136,136,
ALT,AltLayer,296,144415837.2787289,USD,2002,40,0.00886438681456555,94,52,49,
SKI,Ski Mask Dog,297,143838542.69286,USD,58,44,0.3615647006479526,82,2121,2085,
STORJ,Storj,298,142724069.3905091,USD,299,40,0.13330674017288963,86,782,691,38523
ICX,ICON,299,141972695.13047302,USD,991,44,0.09870153780064336,78,579,576,
EDU,Open Campus,300,142485589.5162,USD,1448,42,0.10194044836750384,89,598,575,
CGPT,ChainGPT,301,138779590.61308,USD,241,31,0.2642269146649347,90,1550,1538,
RPL,Rocket Pool,302,140766952.89541462,USD,3789,57,0.0020456277264382042,100,12,9,40322
ALEO,Aleo,303,140199427.02141187,USD,306,39,0.06767618394966392,84,397,396,
KUB,Bitkub Coin,304,141722472.2472,USD,2817,46,0.010228138632191021,95,60,60,
SWFTC,SwftCoin,305,145657844.963631,USD,794,40,0.48242720548500984,72,2830,2820,
VVS,VVS Finance,306,137576549.25225237,USD,1970,41,0.030684415896573062,49,180,178,
AUDIO,Audius,307,136824979.387623,USD,1295,38,0.07261978428855626,64,426,424,78294
XNO,Nano,308,136706090.30714998,USD,473,36,0.08046135723990269,71,472,469,
ELON,Dogelon Mars,309,134840817.57554898,USD,838,42,0.6835805985847665,85,4010,3872,
SNT,Status,310,135282171.62808266,USD,1603,45,0.03988974066554498,72,234,234,
ORCA,Orca,311,134988676.422,USD,348,37,0.09461028234776694,76,555,552,
GLMR,Moonbeam,312,133517892.79316999,USD,916,43,0.11080483518206938,86,650,643,
VVV,Venice Token,313,131256901.46579614,USD,,,,,,,
ILV,Illuvium,314,132598869.73023099,USD,495,39,0.09546262723378286,77,560,554,24158
0X0,0x0.ai,315,134592592.9868,USD,848,28,0.009546262723378286,81,56,55,
PHA,Phala Network,316,128753836.64484842,USD,368,43,0.14336440982787746,84,841,831,
TAIKO,Taiko,317,131454714.4505671,USD,934,49,0.029661602033353957,60,174,174,
POWR,Powerledger,318,127976269.8763238,USD,416,38,0.09597403416539241,86,563,557,
HMSTR,Hamster Kombat,319,127462500,USD,1333,41,0.44356027868268394,90,2602,2582,
LSK,Lisk,320,126207055.61097665,USD,1614,47,0.047390375662485065,81,278,277,
DESO,Decentralized Social,321,124090314.312,USD,1728,37,0.04449240305003094,58,261,260,
XAI,Xai,322,124680627.0905748,USD,936,38,0.133647678127296,98,784,783,
BAL,Balancer,323,128145599.53301291,USD,1251,43,0.08438214371557592,58,495,495,56656
ZENT,Zentry,324,125341996.89403324,USD,1009,44,0.5753327980607449,87,3375,3364,
POND,Marlin,325,124100784.367065,USD,2882,38,0.004773131361689143,50,28,27,
NPC,Non-Playable Coin,326,123862100.76197228,USD,144,43,0.32389105668604895,84,1900,1899,
WMTX,World Mobile Token,327,124676206.00495,USD,714,41,0.10398607609394205,83,610,596,
XPR,XPR Network,328,120060333.56871842,USD,31,46,0.23490625058598713,70,1378,1371,
XVG,Verge,329,120473111.82565519,USD,354,43,0.1566609900497258,74,919,896,
STPT,STP,330,119251008.43588072,USD,1209,38,0.0877915232596396,82,515,513,29896
HT,Huobi Token,331,124954128.98723999,USD,1404,41,0.09563309621098605,76,561,526,974
ACS,Access Protocol,332,117884552.41619042,USD,563,42,0.08233651598913772,70,483,480,
UFD,Unicorn Fart Dust,333,122101000,USD,,,,,,,
WILD,Wilder World,334,121017495.97331469,USD,536,37,0.0709150945165244,74,416,415,
CVC,Civic,335,120150000,USD,1634,41,0.04210583736918637,76,247,247,33867
IQ,IQ,336,119036941.01607254,USD,820,44,0.2055855865070395,68,1206,1203,
BIGTIME,Big Time,337,117188480.12933029,USD,1417,42,0.014148925107864245,76,83,76,
STRAX,Stratis [New],338,118385350.58482647,USD,835,48,0.08557542655599822,46,502,475,
BORA,BORA,339,112806856.25,USD,2346,49,0.017046897720318366,50,100,100,
PEPECOIN,PepeCoin,340,117854185.25169426,USD,87,41,0.38696457825122693,71,2270,898,
BITCOIN,HarryPotterObamaSonic10Inu (ERC-20),341,116386503.22355,USD,792,46,0.1720031979980123,74,1009,981,
LQTY,Liquity,342,114253788.54344738,USD,1308,43,0.07739291565024539,65,454,453,
BLAST,Blast,343,113014885.48814979,USD,758,46,0.18257227458460973,85,1071,1071,
SCR,Scroll,344,115086800,USD,4080,46,0.0027275036352509387,75,16,16,
AGI,Delysium,345,113006410.576838,USD,706,42,0.01619455283430245,94,95,80,
IOST,IOST,346,111586156.5,USD,1280,38,0.05301585191019012,86,311,300,
CETUS,Cetus Protocol,347,112002433.41336063,USD,1223,41,0.1148960906349458,89,674,674,
PEOPLE,ConstitutionDAO,348,110270512.79778239,USD,604,41,0.4486743479987795,89,2632,2632,
CHR,Chromia,349,111118598.45724794,USD,286,49,0.1389322164205947,66,815,787,5427
ONG,Ontology Gas,350,108268386.15937144,USD,1193,36,0.04721990668528188,64,277,269,296777
MVL,MVL,351,108077102.5017717,USD,2722,31,0.01585361487989608,48,93,93,
YGG,Yield Guild Games,352,108453266.57616492,USD,1366,41,0.09580356518818924,65,562,545,
KEEP,Keep Network,353,108516610.41443175,USD,2620,33,0.01806971158353747,59,106,101,
RLC,iExec RLC,354,108067144.26142924,USD,364,39,0.15563817618650672,88,913,912,85606
SYRUP,Maple Finance,355,107686927.7743688,USD,738,38,0.028468319192931673,90,167,167,
DOGS,DOGS,356,106026765,USD,696,44,0.8366617401132256,68,4899,4883,
EURC,EURC,357,105219770.66369392,USD,2847,50,0.010398607609394206,95,61,55,
BTG,Bitcoin Gold,358,88468082.22511572,USD,3686,61,0.0018751587492350206,100,11,7,
AL,ArchLoot,359,105533858.92585412,USD,1888,41,0.01806971158353747,63,106,98,
CFG,Centrifuge,360,103396798.436,USD,447,47,0.08267745394354409,56,485,484,
XRD,Radix,361,105383061.2710179,USD,1493,32,0.10773639359241208,58,632,625,
PIXEL,Pixels,362,101964892.08315969,USD,867,36,0.1220557876774795,60,716,712,
CELR,Celer Network,363,101693092.37747774,USD,281,37,0.08506401962438866,67,499,497,158239
SLP,Smooth Love Potion,364,102040182.83395319,USD,686,40,0.10176997939030066,62,597,521,
VANRY,Vanar Chain,365,101106980.82147554,USD,813,42,0.14046643721542335,72,824,808,
DF,dForce,366,102897400.1187047,USD,84,64,0.10910014541003754,84,640,637,62151
LOFI,LOFI,367,94880000,USD,,,,,,,
BB,BounceBit,368,100748783.01369864,USD,520,46,0.3351420091814591,89,1966,1928,
DKA,dKargo,369,97107733.34024,USD,3233,37,0.012273766358629224,60,72,71,
TRB,Tellor,370,98174438.65200001,USD,1125,43,0.3206521461191885,92,1881,1878,28059
ERG,Ergo,371,98802494.0232,USD,1403,39,0.04278771327799911,78,251,248,
APU,Apu Apustaja,372,98955097.28279828,USD,141,44,0.40878460733323446,78,2398,2372,
BANANA,Banana Gun,373,99303389.50833938,USD,4433,35,0.0017046897720318366,50,10,10,
OXT,Orchid,374,96171198.1079642,USD,760,42,0.0908599648492969,99,533,531,4142
OMNI,Omni Network,375,95762710.637316,USD,2387,48,0.0076711039741432655,100,45,38,
PUNDIX,Pundi X (New),376,95807340.4229272,USD,657,35,0.05199303804697102,53,305,201,
DENT,Dent,377,95376999.99999994,USD,1467,39,0.049606472366126454,20,291,291,0
ORBS,Orbs,378,94770774.060744,USD,709,38,0.1621159973202277,87,951,950,93161
MLK,MiL.k,379,98264613.32569256,USD,1663,39,0.052504444978580575,63,308,308,
JOE,JOE,380,94584044.17412001,USD,1234,34,0.12802220187959093,68,751,748,9569
SAGA,Saga,381,94147994.52107,USD,1224,41,0.10381560711673886,59,609,608,
CTSI,Cartesi,382,94422236.66030082,USD,1097,39,0.08864386814565552,75,520,520,1246923
AGLD,Adventure Gold,383,93506446.2095,USD,699,41,0.06750571497246073,80,396,381,445
PRO,Propy,384,93143000,USD,1758,34,0.05267491395578376,71,309,306,
XVS,Venus,385,93046599.97846545,USD,1363,41,0.1493308240299889,84,876,873,
FWOG,FWOG,386,86124208.5792,USD,11,53,0.5018606688861728,74,2944,2932,
AI,Sleepless AI,387,92417187.5,USD,618,39,0.009716731700581469,27,57,49,
NOS,Nosana,388,94250533.9075,USD,158,31,0.07398353610618172,65,434,409,
OAS,Oasys,389,91562462.20431072,USD,1511,47,0.0627325836107716,94,368,356,
LON,Tokenlon Network Token,390,89866263.5822978,USD,2486,50,0.009887200677784654,64,58,57,17993
ANDY,ANDY (ETH),391,97603000,USD,116,40,0.33565341611306865,87,1969,1963,
ASM,Assemble Protocol,392,88952154.6486,USD,3089,26,0.00017046897720318367,67,1,1,
NMR,Numeraire,393,90407787.40457995,USD,637,50,0.025911284534883918,90,152,140,
MED,MediBloc,394,89398968.7589474,USD,4161,56,0.0023865656808445715,100,14,13,
FUEL,Fuel Network,395,89868794.00865373,USD,,,,,,,
C98,Coin98,396,88095181.225393,USD,2720,52,0.012273766358629224,67,72,71,
MIGGLES,Mr Miggles,397,86319449.67783299,USD,187,45,0.06102789383873975,93,358,350,
CARV,CARV,398,88034518.23245,USD,1375,36,0.0627325836107716,93,368,367,
XYM,Symbol,399,87155132.87137713,USD,953,33,0.02829785021572849,63,166,166,
STEEM,Steem,400,86486111.10229132,USD,621,35,0.08847339916845233,74,519,519,
GAME,GameBuild,401,87997840.40771325,USD,,,,,,,
SFUND,Seedify.fund,402,86895059.05274382,USD,206,39,0.2332015608139553,86,1368,1360,
ALU,Altura,403,86356710,USD,541,38,0.07892713644507404,94,463,461,
ORAI,Oraichain,404,83448147.42,USD,124,47,0.2064379313930554,87,1211,1175,
PYR,Vulcan Forged PYR,405,83614590.44134937,USD,907,42,0.2596242522804488,89,1523,1510,
KNC,Kyber Network Crystal v2,406,83427615.86284144,USD,1651,46,0.03494614032665265,68,205,202,
BTRST,Braintrust,407,83303600.43512,USD,1758,41,0.05199303804697102,71,305,280,107177
API3,API3,408,82819045.73718,USD,2274,38,0.0156831459026929,100,92,90,20677
AURORA,Aurora,409,81472133.58606,USD,1354,37,0.03255957464580808,53,191,188,
MOODENG,Moo Deng,410,81355881.7983506,USD,1003,38,0.09938341370945608,73,583,579,
USDP,Pax Dollar,411,81299651.54204437,USD,1634,47,0.039548802711138614,83,232,231,200555
CAT,Simon's Cat,412,80148286.56229222,USD,2774,52,0.0010228138632191021,100,6,2,
OMI,ECOMI,413,81955231.8723445,USD,586,51,0.0814841711031218,74,478,461,
MTL,Metal DAO,414,79680310.1073,USD,1675,40,0.055231948613831516,66,324,316,
PROM,Prom,415,79369250,USD,851,42,0.054038665773409225,58,317,316,
ARK,Ark,416,79295049.6656,USD,463,39,0.061368831793146124,77,360,347,
COOKIE,Cookie DAO,417,81815766.8328,USD,203,45,0.19092525446756572,93,1120,1114,
ALI,Artificial Liquid Intelligence,418,87287246.5372534,USD,1873,39,0.06648290110924163,89,390,358,
GME,GameStop,419,80676001.4916999,USD,,,,,,,
OX,OX Coin,420,78870662.69856,USD,235,59,0.044662872027234124,87,262,262,
WIN,WINkLink,421,78004602.24874657,USD,421,44,0.08165464008032498,83,479,477,
SCRT,Secret,422,78015681.11578296,USD,1192,37,0.06903993576728938,59,405,402,
BADGER,Badger DAO,423,75796907.7947345,USD,711,38,0.059834610998317474,37,351,350,40590
ZRC,Zircuit,424,80370323.739736,USD,1126,33,0.02182002908200751,94,128,121,
MAGIC,Treasure,425,75199195.75833738,USD,992,40,0.11199811802249167,73,657,657,
ACA,Acala Token,426,74545332.90735999,USD,1180,38,0.06597149417763208,70,387,387,
LUMIA,Lumia,427,74525899.1398539,USD,782,39,0.11949875301943175,87,701,698,
VELO,Velodrome Finance,428,74313899.96172227,USD,138,41,0.37878206734547415,77,2222,2215,
PONKE,Ponke,429,74848473.56898,USD,96,39,0.4923144061627945,73,2888,2866,
SDEX,SmarDex,430,74297332.9331374,USD,1425,39,0.09358746848454784,81,549,528,
MOVR,Moonriver,431,74466919.43640001,USD,317,35,0.11864640813341583,81,696,626,
NMT,NetMind Token,432,73991860.096,USD,1311,36,0.057788983271879264,97,339,327,
CTK,Shentu,433,72500664.34912,USD,498,41,0.07330166019736899,86,430,428,
BONE,Bone ShibaSwap,434,74338817.72338963,USD,217,43,0.35167749997016795,83,2060,1999,
REQ,Request,435,71260216.0022071,USD,2128,35,0.04926553441172008,73,289,287,
ALPH,Alephium,436,73051160.79509583,USD,700,39,0.20217620696297584,77,1186,1185,
ARDR,Ardor,437,71712840.12754278,USD,1762,42,0.037162237030294046,84,218,217,
SYN,Synapse,438,72300959.67459193,USD,926,40,0.1118276490452885,62,656,654,
BNX,BinaryX,439,71595152.45217994,USD,,,,,,,
PORTAL,Portal,440,70150096.21464583,USD,1137,46,0.06972181167610211,57,409,409,
RIO,Realio Network,441,71074712.36338672,USD,2181,36,0.012444235335832407,82,73,65,
HIGH,Highstreet,442,70335389.61029895,USD,1396,37,0.08182510905752817,73,480,479,
ZBCN,Zebec Network,443,67578832.73125532,USD,432,42,0.0448333410044373,75,263,254,
COREUM,Coreum,444,72664130.34432,USD,427,43,0.04892459645731372,94,287,284,
BEL,Bella Protocol,445,70276800,USD,94,47,0.15649052107252262,73,918,916,
ZEREBRO,Zerebro,446,65569035.503174655,USD,222,37,0.13961409232940744,64,819,813,
DEGEN,Degen,447,67466579.04628201,USD,941,42,0.22212107729574834,70,1299,1292,
BNT,Bancor,448,68922101.33556311,USD,2047,35,0.04176489941478,48,245,245,78487
H2O,H2O DAO,449,67063425,USD,2356,63,0.004943600338892327,100,29,28,
USTC,TerraClassicUSD,450,67798247.72479735,USD,1115,42,0.14063690619262653,85,825,819,
NTRN,Neutron,451,66955670.391425535,USD,1662,39,0.034605202372246284,51,203,201,
TON,Tokamak Network,452,67713125.703,USD,4757,29,0.0010228138632191021,50,6,5,
CBK,Cobak Token,453,65524932.68041,USD,4927,0,0.0007295542423579193,,0,,
AUCTION,Bounce Token,454,65408451.5469,USD,1485,38,0.012955642267441959,92,76,76,
CYBER,Cyber,455,64249248.3877,USD,1158,47,0.09205324768971918,91,540,526,
DODO,DODO,456,64999802.5208208,USD,505,41,0.06750571497246073,51,396,395,72181
SOLV,Solv Protocol,457,64128380.4,USD,,,,,,,
MOBILE,Helium Mobile,458,62753126.4,USD,967,38,0.0814841711031218,39,478,477,
HIFI,Hifi Finance,459,63976429.56056823,USD,334,39,0.21257481457237007,83,1247,1247,
CLV,CLV,460,62710291.51081201,USD,2254,48,0.007159697042533714,92,42,36,
QKC,QuarkChain,461,63079025.7124385,USD,684,35,0.07261978428855626,76,426,407,71109
SWARMS,Swarms,462,62451052.60316,USD,,,,,,,
SPA,Sperax,463,63737512.54618993,USD,16,75,0.3376990438395069,69,1981,1953,
DUSK,Dusk,464,62316044.9113342,USD,1245,40,0.0784157295134645,74,460,459,
RIF,Rootstock Infrastructure Framework,465,62285000,USD,1335,49,0.08898480610006188,78,522,520,
TRU,TrueFi,466,62102810.96003013,USD,1630,39,0.023354249876836163,83,137,129,
ARPA,ARPA,467,60984049.36649672,USD,990,37,0.12359000847230817,76,725,724,
DAR,Mines of Dalarnia,468,60432428.563034,USD,1774,40,0.0627325836107716,54,368,367,
WOLF,Landwolf 0x67,469,68322343.6440198,USD,,,,,,,
MBX,MARBLEX,470,60914266.761368796,USD,2544,42,0.019262994423959755,86,113,95,
SWEAT,Sweat Economy,471,60880655.34973254,USD,726,42,0.14370534778228383,88,843,673,
LOOM,Loom Network,472,61947177.53533935,USD,1879,37,0.046197092822062774,52,271,268,90488
FX,Function X,473,62495444.213860005,USD,2018,31,0.029150195101744412,56,171,170,
AITECH,Solidus Ai Tech,474,59916067.947708,USD,1029,47,0.1576838039129449,95,925,907,
HFT,Hashflow,475,61312503.96501461,USD,1554,40,0.04773131361689143,79,280,279,
NCT,PolySwarm,476,59412129.640820004,USD,450,39,0.12870407778840368,78,755,723,
CXT,Covalent X Token,477,59602622.940000005,USD,2429,37,0.024377063740055268,72,143,139,
STG,Stargate Finance,478,59333746.276247054,USD,326,41,0.11830547017900948,81,694,679,
RARE,SuperRare,479,59711178.996477135,USD,978,40,0.290479137154225,85,1704,1660,
NAKA,Nakamoto Games,480,57833939.97107506,USD,153,42,0.44986763083920167,87,2639,2632,
SEND,Suilend,481,59009713.659200005,USD,,,,,,,
SYS,Syscoin,482,58968377.939814545,USD,1074,40,0.1694461633399646,89,994,975,
STMX,StormX,483,58395757.5138659,USD,1266,44,0.0678466529268671,85,398,324,35584
SPEC,Spectral,484,59296146.18799999,USD,1895,43,0.0027275036352509387,100,16,16,
BUZZ,Hive AI,485,59382110.6324,USD,,,,,,,
AVA,AVA,486,57565658.63362,USD,,,,,,,
TORN,Tornado Cash,487,58085563.88018717,USD,1129,40,0.066823839063648,60,392,388,
GUSD,Gemini Dollar,488,57765837.94473,USD,2927,42,0.010569076586597389,51,62,62,
DIA,DIA,489,57997433.52048,USD,705,46,0.3392332646343355,74,1990,1987,24175
LIT,Litentry,490,57409898.62989,USD,873,40,0.2332015608139553,84,1368,1366,
SLERF,SLERF,491,58154738.3025,USD,995,37,0.20848355911949365,72,1223,1212,
TKO,Toko Token,492,57367104.43683831,USD,1120,32,0.09341699950734465,69,548,544,
NFP,NFPrompt,493,57526543.97692731,USD,1376,40,0.055572886568237875,89,326,322,
WNXM,Wrapped NXM,494,58524385.115329415,USD,5394,0,0.0006763932008955446,,0,,10505
MPL,Maple,495,59421906.1552999,USD,288,39,0.06972181167610211,68,409,409,16718
OGN,Origin Protocol,496,56159946.932459995,USD,545,41,0.10705451768359936,75,628,620,189829
EUL,Euler,497,56979065.10780291,USD,2618,46,0.017387835674724735,100,102,102,55687
DAO,DAO Maker,498,56963496.43545645,USD,986,51,0.1440462857366902,72,845,831,
XPLA,Xpla,499,58288310.48183867,USD,3185,37,0.011932828404222858,70,70,70,
AZERO,Aleph Zero,500,54249499.68585,USD,211,41,0.2705342668214525,89,1587,1581,
RSS3,RSS3,501,55397159.8632,USD,1695,43,0.045174278958843676,81,265,244,
HIPPO,sudeng,502,55697000,USD,2084,46,0.0028979726124541225,100,17,4,
PHB,Phoenix,503,54532740.39736,USD,1356,37,0.08267745394354409,78,485,483,
PRQ,PARSIQ,504,56652904.8272,USD,101,40,0.09546262723378286,85,560,534,
SHDW,Shadow Token,505,51568447.34816012,USD,,,,,,,
CATI,Catizen,506,53923476,USD,2347,90,0.0037503174984700413,99,22,16,
A8,Ancient8,507,53888959.69803599,USD,1744,31,0.009375793746175103,73,55,53,
MERL,Merlin Chain,508,52622325,USD,1822,41,0.06085742486153658,63,357,354,
QI,BENQI,509,51922714.349652596,USD,1486,40,0.11148671109088212,88,654,654,45018
STRK,Strike,510,51858858.96683843,USD,1577,42,0.23149687104192346,80,1358,1352,
MBL,MovieBloc,511,50826571.7548662,USD,1826,41,0.038866926802325875,85,228,227,
FORTH,Ampleforth Governance Token,512,51008547.28174893,USD,861,48,0.03187769873699535,53,187,187,9044
RAD,Radworks,513,50792024.016313985,USD,1020,44,0.11745312529299357,66,689,687,112410
NKN,NKN,514,50990154.29236633,USD,994,40,0.042276306346389556,89,248,245,23014
ALICE,MyNeighborAlice,515,50720393.61771999,USD,1317,36,0.09699684802861151,81,569,567,
MAV,Maverick Protocol,516,50068123.23811644,USD,1329,38,0.06000507997552066,69,352,352,
PIPPIN,pippin,517,49027816.292084,USD,,,,,,,
META,Metadium,518,49290511.09576,USD,4568,25,0.0011932828404222857,50,7,6,
LMWR,LimeWire,519,48887347.95928451,USD,397,49,0.14898988607558253,66,874,733,
BFC,Bifrost,520,48049799.519728005,USD,1329,49,0.38594176438800787,56,2264,2185,
RACA,RACA,521,48857454.04598246,USD,873,38,0.03920786475673225,56,230,228,
THE,Thena,522,48907378.3746378,USD,652,40,0.0898371509860778,85,527,524,
COQ,Coq Inu,523,48515555.4,USD,1002,42,0.28434225397491036,88,1668,1656,
PUFFER,Puffer,524,47730175.749180004,USD,2227,49,0.023865656808445716,87,140,140,
MODE,Mode,525,48625000.17505,USD,611,39,0.04790178259409462,93,281,281,
LEVER,LeverFi,526,47492149.58244498,USD,1164,37,0.10142904143589429,63,595,594,
MYRIA,Myria,527,47583143.200519204,USD,1668,42,0.04568568589045322,55,268,267,
ACE,Fusionist,528,47259877.490040004,USD,782,43,0.19262994423959756,72,1130,1117,
PNG,Pangolin,529,47553115.92496,USD,454,37,0.04398099611842139,87,258,251,11632
LYX,LUKSO,530,46097004.588264,USD,1294,37,0.06256211463356841,66,367,367,
DOGE,Department Of Government Efficiency,531,55640251.69139177,USD,,,,,,,
MC,Merit Circle,532,46704764.769999996,USD,5377,50,0.0011932828404222857,100,7,4,
HOOK,Hooked Protocol,533,46948148.23991122,USD,1105,38,0.13313627119568647,91,781,769,
ATA,Automata Network,534,46331212.31361857,USD,875,41,0.07227884633414988,78,424,419,
DEP,DEAPcoin,535,45867489.654246114,USD,1802,63,0.009034855791768735,91,53,53,
GODS,Gods Unchained,536,46017514.08772992,USD,1999,50,0.027786443284118938,92,163,162,
RARI,RARI,537,45596208.9975941,USD,285,39,0.23149687104192346,82,1358,1325,37207
TLOS,Telos,538,45808721.1373106,USD,1703,42,0.09767872393742424,86,573,570,
ALPHA,Stella,539,45636345,USD,486,43,1.0325305949196835,79,6057,6023,15262
F,SynFutures,540,45477319.15116,USD,,,,,,,
X,X empire,541,44387700,USD,3513,53,0.0037503174984700413,90,22,19,
UQC,Uquid Coin,542,44887000,USD,2368,46,0.05335678986459649,94,313,313,
MBOX,MOBOX,543,44904040.919599995,USD,2325,40,0.05301585191019012,49,311,287,
ELA,Elastos,544,46068835.2075,USD,248,44,0.11267999393130441,63,661,571,
GEAR,Gearbox Protocol,545,44444000,USD,2067,39,0.04568568589045322,88,268,267,
ICE,Ice Open Network,546,44220655.926247425,USD,219,41,0.46981250117197426,79,2718,2701,
GNS,Gains Network,547,44620928.48004057,USD,344,50,0.22535998786260883,63,1322,1306,
UTK,xMoney,548,43742967.008125,USD,55,44,0.35900766598990486,92,2106,2047,10965
ETN,Electroneum,549,43770067.97654087,USD,1155,41,0.11830547017900948,75,694,655,50298
AQT,Alpha Quark Token,550,44259718.4711,USD,2119,34,0.025740815557680735,79,151,150,
LAT,PlatON,551,43996197.83213227,USD,1818,38,0.03204816771419853,47,188,168,
FCT2,FirmaChain,552,41117280.77002226,USD,2624,47,0.018240180560740653,89,107,106,
CTXC,Cortex,553,42717107.02024687,USD,683,39,0.046708499753672326,54,274,274,325937
NYM,NYM,554,42794808.79646263,USD,1918,37,0.03392332646343355,32,199,198,
BAKE,BakeryToken,555,42712173.438050486,USD,1428,40,0.07637010178702629,75,448,427,
TLM,Alien Worlds,556,42690889.6470077,USD,1318,45,0.0543796037278156,67,319,319,
MAPO,MAP Protocol,557,42555305.71382336,USD,2942,40,0.020115339309975673,82,118,116,
ZCX,Unizen,558,42719031.51008278,USD,1163,36,0.09665591007420515,87,567,561,
AERGO,Aergo,559,42003429.62187272,USD,1365,50,0.03204816771419853,54,188,187,80862
RDNT,Radiant Capital,560,41648949.376248,USD,1624,46,0.06290305258797478,39,369,369,
MONKY,Wise Monkey,561,38527100,USD,1177,41,0.13347720915009284,90,783,774,
SD,Stader,562,42054226.78461446,USD,885,44,0.09767872393742424,58,573,564,
TT,ThunderCore,563,40926468.13801,USD,1913,42,0.008693917837362368,77,51,49,
TNSR,Tensor,564,41033750,USD,808,40,0.21325669048118276,85,1251,1248,
PRCL,Parcl,565,40975607.29355,USD,328,40,0.12699938801637184,80,745,721,
KUJI,Kujira,566,38371346.31453,USD,283,48,0.11779406324739994,58,691,675,
CHILLGUY,Just a chill guy,567,38554347.09430128,USD,685,38,0.12444235335832408,60,730,715,
SHIRO,Shiro Neko,568,40810000,USD,277,37,0.09853106882344016,84,578,577,
DEGO,Dego Finance,569,39147203.232351236,USD,871,38,0.04176489941478,67,245,244,
FORT,Forta,570,39410621.2783,USD,2155,38,0.025058939648868,66,147,146,
ORDER,Orderly Network,571,40697871.76209,USD,1102,50,0.012273766358629224,96,72,67,
NAVX,NAVI Protocol,572,38582640.38971192,USD,1123,52,0.02420659476285208,95,142,142,
AVA,AVA (Travala),573,38605624.90062871,USD,874,44,0.32355011873164263,81,1898,1894,
VR,Victoria VR,574,37280624.98674294,USD,2991,40,0.006136883179314612,100,36,22,
GRS,Groestlcoin,575,37672713.72219524,USD,2109,38,0.0240361257856489,52,141,137,
REZ,Renzo,576,38334650.049990684,USD,1433,39,0.06409633542839706,64,376,371,
GTC,Gitcoin,577,39114076.216220036,USD,1988,38,0.03290051260021445,43,193,193,
GFI,Goldfinch,578,39577372.77408,USD,119,46,0.16194552834302448,89,950,857,
DNT,district0x,579,38900000,USD,3894,49,0.005625476247705061,50,33,28,
EURT,Tether EURt,580,37009563.544512995,USD,2948,39,0.008693917837362368,62,51,51,
LISTA,Lista DAO,581,37070507.64297964,USD,539,38,0.051822569069767836,64,304,303,
WOJAK,Wojak,582,37648594.01848565,USD,195,48,0.14148925107864246,62,830,820,
RETARDIO,RETARDIO,583,36419856.97992,USD,464,53,0.04346958918681184,65,255,246,
REI,REI Network,584,36903700,USD,3969,51,0.0010228138632191021,100,6,6,
SUNDOG,SUNDOG,585,37540916.768628,USD,705,38,0.14489863062270614,83,850,814,
ATR,Artrade,586,36342485.08781933,USD,868,40,0.024377063740055268,97,143,136,
BAN,Comedian,587,36481608.501897,USD,,,,,,,
BOUNTY,BOUNTY,588,36468726.178316996,USD,2564,42,0.01806971158353747,100,106,103,
ATLAS,Star Atlas,589,35828267.24554529,USD,1170,48,0.05591382452264425,66,328,328,
MOC,Moss Coin,590,37062970.514384,USD,2934,46,0.010910014541003755,91,64,64,
MLN,Enzyme,591,35916293.219738424,USD,1698,39,0.04773131361689143,53,280,279,
CUSD,Celo Dollar,592,35488034.87130852,USD,3086,59,0.00886438681456555,78,52,52,
LADYS,Milady Meme Coin,593,35153367.166096576,USD,1359,43,0.12921548472001324,82,758,551,
VENOM,Venom,594,35335074.43637,USD,4937,32,0.0010228138632191021,100,6,6,
DBR,DeBridge,595,35200718.792772,USD,785,35,0.02130862215039796,85,125,122,
WEN,Wen,596,35087600.52527907,USD,729,39,0.26371550773332514,76,1547,1528,
LTO,LTO Network,597,35032646.20166909,USD,975,33,0.08915527507726506,88,523,423,
GST,Green Satoshi Token (SOL),598,34201745.873010345,USD,420,40,0.08438214371557592,51,495,494,
OMG,OMG Network,599,35029093.11968681,USD,1541,38,0.06443727338280343,73,378,363,
NS,Sui Name Service,600,34269596.08013674,USD,474,37,0.028468319192931673,87,167,162,
CCD,Concordium,601,33637955.87194005,USD,1842,34,0.02318378089963298,73,136,135,
ERN,Ethernity Chain,602,34210060.166150056,USD,1113,38,0.06903993576728938,66,405,396,
PERP,Perpetual Protocol,603,33735682.4818535,USD,1416,36,0.07057415656211805,94,414,414,38012
NGL,Entangle,604,32685349.696623,USD,4218,48,0.0025570346580477553,100,15,14,
SN,SpaceN,605,32828205,USD,3733,45,0.006136883179314612,100,36,36,
GHX,GamerCoin,606,32152474.72216278,USD,951,42,0.12256719460908908,91,719,718,
FUN,FUNToken,607,32879840.394824933,USD,1456,35,0.0721083773569467,97,423,421,
UOS,Ultra,608,32345564.060536336,USD,1175,42,0.12376047744951134,74,726,726,
POKT,Pocket Network,609,31991834.282265,USD,1164,40,0.04432193407282776,65,260,254,
QRL,Quantum Resistant Ledger,610,31410071.1778,USD,2018,51,0.02829785021572849,86,166,163,
POLS,Polkastarter,611,32899898.14394281,USD,538,42,0.07909760542227723,83,464,452,
MOODENG,MOO DENG,612,32735387.84796296,USD,,,,,,,
IDEX,IDEX,613,31662450.90609144,USD,461,40,0.14336440982787746,90,841,840,
ALCX,Alchemix,614,31848072.59899393,USD,716,43,0.06631243213203845,53,389,381,2457
GEL,Gelato,615,31955698.79956712,USD,2176,52,0.025058939648868,61,147,147,53468
APX,APX,616,31324055.349644676,USD,1627,45,0.05131116213815829,66,301,301,
BRISE,Bitgert,617,31261884.14,USD,1101,42,0.26354503875612195,93,1546,1497,
ORN,Orion,618,31790163.405,USD,3093,38,0.04790178259409462,72,281,271,15244
ARRR,Pirate Chain,619,31798408.099107336,USD,2131,36,0.019262994423959755,77,113,113,
KARRAT,KARRAT,620,31558679.62472,USD,962,36,0.12052156688265087,80,707,695,
TOKEN,TokenFi,621,30825609.995925,USD,161,42,0.2621812869384965,91,1537,1458,
TRUMP,MAGA,622,32235103.57962,USD,1227,35,0.1356933058537342,86,796,771,
VADER,VaderAI by Virtuals,623,32665147.320036,USD,,,,,,,
GHST,Aavegotchi,624,30885420.04487352,USD,1562,48,0.08847339916845233,76,519,502,35636
BGSC,BugsCoin,625,30616784.999999996,USD,,,,,,,
MOB,MobileCoin,626,30446422.10542,USD,1954,40,0.1034746691623325,86,607,604,
AHT,AhaToken,627,30171061.88467307,USD,1983,43,0.02829785021572849,85,166,165,
BOBO,BOBO,628,31352356.015771583,USD,898,44,0.23405390569997117,67,1373,1364,
EWT,Energy Web Token,629,30806175.9155,USD,589,44,0.08796199223684278,48,516,508,
XION,XION,630,29692277.1461,USD,376,40,0.14762613425795706,65,866,859,
SBD,Steem Dollars,631,30032396.935085997,USD,2922,52,0.022331436013617062,69,131,131,
ALCH,Alchemist AI,632,29458450,USD,,,,,,,
LOCUS,Locus Chain,633,30085924.71668247,USD,859,45,0.0637553974739907,90,374,374,
SWELL,Swell Network,634,29314409.643040504,USD,1570,41,0.0448333410044373,89,263,261,
POLIS,Star Atlas DAO,635,29285596.312837273,USD,813,53,0.0260817535120871,70,153,153,
DEXT,DEXTools,636,29628808.533383194,USD,3605,49,0.02693409839810302,65,158,157,
AMPL,Ampleforth,637,28902187.357920002,USD,762,39,0.058300390203488824,64,342,339,9044
ZKL,zkLink,638,29604192.038469996,USD,514,56,0.0323891056686049,91,190,189,
BOBA,Boba Network,639,29239620.3819882,USD,1759,48,0.07756338462744858,70,455,389,
DIMO,DIMO,640,28507743.771973282,USD,2503,35,0.03392332646343355,43,199,198,
WAN,Wanchain,641,28915926.393848043,USD,1370,44,0.06426680440560024,72,377,354,16642
VRTX,Vertex Protocol,642,28618851.847514726,USD,963,43,0.17217366697521552,84,1010,1004,
ALEX,ALEX Lab,643,28568099.1803392,USD,2175,41,0.05335678986459649,73,313,313,
NULS,NULS,644,28743289.44515971,USD,2174,36,0.025740815557680735,40,151,149,32519
HAI,Hacken Token,645,28793790.340272002,USD,435,40,0.09836059984623699,81,577,540,
SIGMA,SIGMA,646,28320054.1120952,USD,225,38,0.03273004362301127,68,192,191,
REKT,Rekt,647,28746555.740488157,USD,878,0,0.18956150264994026,80,1112,1111,
NUM,Numbers Protocol,648,28277989.334652003,USD,1553,41,0.05540241759103469,79,325,324,
VIC,Viction,649,27754599.01902,USD,1285,35,0.05148163111536147,71,302,302,
VRA,Verasity,650,28049417.8045692,USD,633,46,0.6917631094905193,88,4056,3839,
GRND,SuperWalk,651,29626006.5875562,USD,2276,38,0.027275036352509385,61,160,160,
FLM,Flamingo,652,27560597.226613514,USD,1557,43,0.08864386814565552,78,520,491,
FIS,StaFi,653,27283587.77044,USD,4321,62,0.0018751587492350206,67,11,11,
KMD,Komodo,654,27245156.7504,USD,2058,50,0.03477567134944947,64,204,203,
DATA,Streamr,655,27186314.008341998,USD,2698,44,0.024547532717258447,95,144,123,62419
WXT,Wirex Token,656,26789000,USD,478,37,0.053697727819002866,86,315,312,
SIDUS,SIDUS,657,27062718.99598116,USD,752,49,0.039719271688341794,49,233,233,
CORE,cVault.finance,658,26603600,USD,1488,69,0.1796743019721556,75,1054,1053,4380
MDT,Measurable Data Token,659,26539838.8976375,USD,1093,45,0.11285046290850759,66,662,658,2255
XPRT,Persistence One,660,26323327.780958,USD,2265,40,0.033752857486230366,70,198,196,
MICHI,michi (SOL),661,25833157.37257074,USD,85,42,0.350825155084152,73,2058,2056,
COS,Contentos,662,26427374.978902202,USD,2908,41,0.0052845382932986944,92,31,30,14333
TARA,Taraxa,663,26429243.59474,USD,534,42,0.16535490788708818,78,970,967,
QUACK,RichQUACK.com,664,24915621.87369992,USD,2120,39,0.10927061438724074,92,641,635,
OL,Open Loot,665,24813201.068807893,USD,1341,40,0.040912554528764085,93,240,235,
TPT,TokenPocket,666,25534618.49988,USD,5493,0,,,0,,
ROOT,The Root Network,667,26219281.37283,USD,991,42,0.08404120576116955,88,493,487,
BETA,Beta Finance,668,25581637.867457,USD,1637,32,0.14029596823822016,79,823,823,
TET,Tectum,669,25037556.144098997,USD,970,36,0.18802728185511158,80,1103,1099,
SLND,Solend,670,24860156.85327774,USD,3486,44,0.01994487033277249,63,117,116,
DADDY,Daddy Tate,671,24207707.49655715,USD,656,35,0.22604186377142158,56,1326,1301,
NPT,Neopin,672,24496411.514650002,USD,3115,34,0.01994487033277249,60,117,115,
DIONE,Dione Protocol,673,24459644.559039246,USD,972,43,0.25229408626071187,93,1480,1477,
SUKU,Suku,674,25008447.575074665,USD,588,36,0.08335932985235682,60,489,487,
AIDOGE,ArbDoge AI,675,23743447.572746117,USD,2438,44,0.04585615486765641,55,269,264,
WHY,WHY,676,24012660,USD,721,39,0.06972181167610211,94,409,409,
BOSON,Boson Protocol,677,24423948.11326431,USD,501,37,0.09801966189183062,73,575,575,
EVER,Everscale,678,23927543.481581997,USD,3919,52,0.005455007270501877,96,32,23,
MATH,MATH,679,23749488.1478272,USD,672,40,0.06017554895272383,61,353,348,
MASA,Masa,680,23921614.072403997,USD,1250,33,0.10978202131885029,90,644,644,
KIN,Kin,681,23557378.698376544,USD,620,40,0.04432193407282776,45,260,252,
OORT,OORT,682,23547533.632822778,USD,1435,45,0.09341699950734465,79,548,418,
BSW,Biswap,683,23554043.82954,USD,1899,38,0.050629286229345545,48,297,297,
LOKA,League of Kingdoms Arena,684,23555215.26706308,USD,1210,39,0.03187769873699535,57,187,184,
FARM,Harvest Finance,685,23390639.717910975,USD,1535,45,0.07466541201499445,51,438,426,
KLV,Klever,686,23338690.908688866,USD,1764,40,0.052504444978580575,71,308,307,
CHESS,Tranchess,687,23346069.16218,USD,1927,41,0.05301585191019012,55,311,310,
NXRA,Nexera,688,22982680.596526008,USD,681,37,0.06341445951958433,64,372,368,
VOXEL,Voxies,689,23363034.917609658,USD,1355,31,0.03835551987071633,91,225,224,
HTR,Hathor,690,21969686.91394078,USD,199,39,0.11250952495410121,80,660,591,
KEKIUS,Kekius Maximus,691,22720000,USD,,,,,,,
KISHU,Kishu Inu,692,22533347.337487143,USD,4837,0,0.0005470968306680599,,0,,163
LOOKS,LooksRare,693,22733673.935654998,USD,2427,42,0.042446775323592735,56,249,238,4753
LUNA,Luna by Virtuals,694,22135000,USD,,,,,,,
ALEPH,Aleph.im,695,22763567.554930136,USD,1052,42,0.11574843552096173,60,679,676,
MYRO,Myro,696,21861150.928695,USD,347,43,0.2558739347819787,70,1501,1498,
RBN,Ribbon Finance,697,21864425.127996054,USD,663,34,0.038866926802325875,53,228,226,15393
MNGO,Mango,698,21678873.648497242,USD,2348,37,0.02182002908200751,97,128,128,
ELIZA,Eliza (elizawakesup),699,23113874.220807943,USD,,,,,,,
GAFI,GameFi.org,700,22295093.7033636,USD,2995,44,0.015001269993880165,61,88,88,
GFAL,Games for a living,701,21611342.836126365,USD,2151,46,0.04210583736918637,71,247,247,
HOPR,HOPR,702,21278328.369184,USD,2663,35,0.021138153173194778,41,124,123,
ASD,ASD,703,21246708.442388,USD,2902,37,0.012273766358629224,85,72,72,
CLANKER,tokenbot,704,22685000,USD,1049,42,0.024547532717258447,96,144,138,
REN,Ren,705,21237771.36865083,USD,2823,40,0.06614196315483527,76,388,388,
KOMA,Koma Inu,706,20915609.508764576,USD,174,39,0.1462623824403316,92,858,854,
ADX,AdEx,707,20581296.327472642,USD,1709,36,0.033070981577417634,74,194,194,
SIX,SIX,708,20698911.824704822,USD,4526,20,0.0006818759088127347,100,4,4,
CEEK,CEEK VR,709,20001138.15198957,USD,1640,40,0.04006020964274816,74,235,235,
PROPC,Propchain,710,20704570.96062952,USD,703,48,0.32218636691401714,94,1890,1876,
HEGIC,Hegic,711,21031595.558067184,USD,2665,36,0.02420659476285208,64,142,139,1433
BLUE,Bluefin,712,20240828.873579998,USD,359,38,0.09392840643895421,77,551,540,
LINA,Linear Finance,713,20296437.489384476,USD,1380,41,0.06341445951958433,47,372,370,
BLZ,Bluzelle,714,19781433.454685993,USD,1741,50,0.059834610998317474,72,351,345,16306
SHPING,SHPING,715,19991130.978288,USD,1075,40,0.03937833373393543,83,231,224,
LEASH,Doge Killer,716,20262646.052475877,USD,902,67,0.08625730246481095,77,506,438,
NEIRO,Neiro Ethereum,717,19581000,USD,218,40,0.1367161197169533,81,802,795,
QUICK,Quickswap[New],718,19880591.469833102,USD,,,,,,,
GROK,GROK,719,19915964.03935912,USD,,,,,,,
SLF,Self Chain,720,19805460,USD,733,43,0.07227884633414988,89,424,422,
FIO,FIO Protocol,721,19334913.60065184,USD,1474,36,0.03409379544063673,90,200,200,
OPUL,Opulous,722,19209495.321996022,USD,509,48,0.07159697042533715,80,420,410,
BIFI,Beefy,723,19219200,USD,1886,68,0.033752857486230366,65,198,189,
PORK,PepeFork,724,18508904.559462916,USD,1797,41,0.36480361121481303,76,2140,2137,
COMBO,COMBO,725,19025526.56196,USD,1433,43,0.1305792365376387,86,766,766,
FIRO,Firo,726,18753606.53075827,USD,1438,39,0.038185050893513144,71,224,224,
GEMS,Gems,727,18832362.019093,USD,2251,48,0.029661602033353957,97,174,174,
PROS,Prosper,728,18374160.31065,USD,1206,36,0.05591382452264425,89,328,328,
FOX,Shapeshift FOX Token,729,18693268.885367997,USD,818,40,0.14592144448592523,74,856,849,
MANEKI,MANEKI,730,18385483.7222226,USD,1345,41,0.16740053561352639,83,982,888,
CHEQ,cheqd,731,18293697.921494998,USD,1808,37,0.04636756179926596,86,272,271,
GOG,Guild of Guardians,732,18068629.542216066,USD,1898,35,0.057618514294676085,75,338,336,
SUSD,sUSD,733,17909714.163418297,USD,1261,30,0.07585869485541674,77,445,334,
PIVX,PIVX,734,18036902.583905935,USD,799,41,0.025570346580477552,89,150,149,
WING,Wing Finance,735,17916857.9566292,USD,1326,41,0.15308114152845895,84,898,891,
VVAIFU,Dasha,736,17111381.953738194,USD,178,55,0.09819013086903379,80,576,569,
UFT,UniLend,737,17550113.394791003,USD,1593,39,0.12188531870027633,94,715,685,
SANTOS,Santos FC Fan Token,738,17643648.701917257,USD,1327,34,0.04364005816401502,95,256,254,
QTCON,Quiztok,739,17077793.578317393,USD,2590,39,0.007330166019736898,85,43,43,
SAMO,Samoyedcoin,740,16987023.8857683,USD,560,37,0.08012041928549632,77,470,445,
DLC,Diamond Launch,741,16611381.67952,USD,2092,53,0.01210329738142604,93,71,71,
VIDT,VIDT DAO,742,16541498.089494,USD,1584,39,0.058300390203488824,91,342,342,
PROPS,Propbase,743,15811345.097459411,USD,151,42,0.2601356592120583,92,1526,1519,
BURGER,BurgerCities,744,16460354.28133842,USD,1928,41,0.0354575472582622,62,208,205,
VLX,Velas,745,16372205.764814515,USD,3881,51,0.012955642267441959,76,76,75,
MAJOR,Major,746,16290731.700600002,USD,996,39,0.025058939648868,95,147,147,
PSG,Paris Saint-Germain Fan Token,747,16295172.705,USD,1654,33,0.037332706007497225,74,219,219,
ALPACA,Alpaca Finance,748,16177546.710281074,USD,496,37,0.13194298835526416,63,774,759,
CREAM,Cream Finance,749,16019718.581099998,USD,1273,37,0.08574589553320139,78,503,502,36746
KRL,Kryll,750,15979129.338171849,USD,2074,41,0.021990498059210696,67,129,128,
PSP,ParaSwap,751,16627884.60888,USD,2048,61,0.014148925107864245,72,83,83,22788
BZZ,Swarm,752,15203169.021212092,USD,3898,46,0.011421421472613305,94,67,67,
PDA,PlayDapp,753,15580482.20868,USD,2298,42,0.02216096703641388,85,130,130,
SWAP,TrustSwap,754,14972275.905720001,USD,2768,40,0.05165210009256466,76,303,293,
VXV,Vectorspace AI,755,15861532.280517912,USD,754,41,0.049095065434516895,86,288,280,
HARD,Kava Lend,756,15355466.818559999,USD,1746,43,0.04841318952570416,44,284,284,
OG,OG Fan Token,757,15169190.0022,USD,3581,44,0.003409379544063673,100,20,18,
PNK,Kleros,758,15264361.10398736,USD,2228,39,0.021138153173194778,90,124,120,
OBSR,Observer,759,15409997.1617943,USD,1711,40,0.014319394085067428,98,84,84,
MEMEFI,MemeFi,760,14922000,USD,,,,,,,
VINU,Vita Inu,761,14782183.533873988,USD,308,43,0.0898371509860778,85,527,497,
WNCG,Nine Chronicles,762,14408145.825252842,USD,2330,35,0.024377063740055268,55,143,143,
DMTR,Dimitra,763,14506551.866367854,USD,2535,40,0.18495884026545428,86,1085,1060,
TROY,TROY,764,14920000,USD,1771,42,0.03903739577952906,84,229,229,
SQGROW,Squid Grow,765,14756000,USD,373,43,0.2161546630936369,82,1268,1115,
AMB,AirDAO,766,14766767.75266,USD,1278,31,0.23354249876836164,87,1370,1367,
VOLT,Volt Inu,767,14832353.546891836,USD,980,42,0.09972435166386245,88,585,581,
BAR,FC Barcelona Fan Token,768,14558328.4146,USD,2005,38,0.04261724430079592,85,250,250,
VAI,VAIOT,769,14556108.7665,USD,1833,37,0.06068695588433339,61,356,351,
MUMU,Mumu the Bull,770,14198106.667021222,USD,846,37,0.2717275496618748,65,1594,1520,
SOV,Sovryn,771,13942215.911304025,USD,2663,34,0.018240180560740653,60,107,106,
NIM,Nimiq,772,13618297.837437958,USD,4150,41,0.015171738971083348,91,89,71,
AST,AirSwap,773,13721244.99082786,USD,370,44,0.06818759088127346,87,400,399,
DEAI,Zero1 Labs,774,13396751.89384,USD,1727,43,0.14234159596465837,89,835,829,
GYEN,GYEN,775,13358740.002045,USD,1684,60,0.01108048351820694,82,60,63,
MAVIA,Heroes of Mavia,776,13458992.01559,USD,482,39,0.09290559257573511,70,545,537,
VIB,Viberate,777,13314467.129999999,USD,1583,39,0.010910014541003755,90,64,53,
CGO,Comtech Gold,778,12736248,USD,3524,62,0.009546262723378286,95,56,55,
GAL,Galxe,779,15060401.863686804,USD,815,56,0.033411919531824,70,196,195,
TIME,Chrono.tech,780,12627939.479,USD,1145,40,0.18734540594629887,80,1099,1081,
REEF,Reef,781,11458176.811322441,USD,1102,39,0.12989736062882595,90,762,741,
PLU,Pluton,782,12991550.403637,USD,5502,0,0.0004861472345514562,,0,,
CRTS,Cratos,783,12228291.8198298,USD,3181,37,0.015171738971083348,47,89,89,
DBC,DeepBrain Chain,784,11837830.487969501,USD,728,41,0.035116609303855836,92,206,204,
LAZIO,S.S. Lazio Fan Token,785,11973547.42558563,USD,2080,53,0.019603932378366124,94,115,115,
DNX,Dynex,786,11930238.45820602,USD,564,41,0.1273403259707782,84,747,745,
MOTHER,Mother Iggy,787,12180840.24203712,USD,54,43,0.18785681287790842,71,1101,1101,
STC,SaitaChain Coin,788,11748793.945910586,USD,1498,39,0.07500634996940082,63,440,439,
NTX,NuNet,789,11601004.48031,USD,1883,37,0.0354575472582622,79,208,198,
DFI,DeFiChain,790,11353977.203207333,USD,4537,38,0.00034093795440636734,,2,2,
PORTO,FC Porto Fan Token,791,11423543.684377292,USD,1386,57,0.015342207948286531,83,90,90,
ROUTE,Router Protocol,792,11639859.978214,USD,,,,,,,
ALPINE,Alpine F1 Team Fan Token,793,11212433.600000001,USD,2060,38,0.02352471885403935,65,138,138,
MNW,Morpheus.Network,794,12240382.795527073,USD,1178,35,0.07790432258185494,90,457,456,
CWEB,Coinweb,795,11139000.699753234,USD,1410,35,0.04329912020960865,89,254,254,
DVI,Dvision Network,796,10699569.78552,USD,3582,34,0.011762359427019675,53,69,69,
BLOK,Bloktopia,797,11034710.70651729,USD,1138,41,0.043128651232405474,44,253,253,
PIT,Pitbull,798,10644491.141579714,USD,1471,42,0.05710710736306653,89,335,325,
USDJ,USDJ,799,10955864.337122845,USD,4193,25,0.005455007270501877,33,32,32,
FLOCK,Flock.io,800,10961312.027817199,USD,,,,,,,
UFO,UFO Gaming,801,11155606.060605949,USD,1248,40,0.14575097550872204,76,855,851,
YFII,DFI.Money,802,10962421.879999999,USD,2307,61,0.0313662918053858,86,184,166,18427
SDAO,SingularityDAO,803,11149953.8707352,USD,2305,40,0.03562801623546539,68,209,207,
WAGMIGAMES,WAGMI Games,804,11308792.870377162,USD,1426,53,0.006989228065330531,100,41,40,
CITY,Manchester City Fan Token,805,10712570.625899998,USD,3832,36,0.0008523448860159183,100,5,5,
TAOCAT,TAOCat by Virtuals & Masa,806,11264000,USD,,,,,,,
TRIAS,Trias Token (new),807,10502499.999999998,USD,178,43,0.40179537926790393,93,2357,2356,
HELLO,HELLO Labs,808,10536226.019108,USD,1406,51,0.05710710736306653,95,335,331,
SOUL,Phantasma,809,10117770.901399506,USD,1230,34,0.11455515268053942,86,672,619,
UNCX,UNCX Network,810,10482288.376272872,USD,2933,68,0.023865656808445716,98,140,127,
KATA,Katana Inu,811,9822311.7934095,USD,379,40,0.08540495757879503,66,501,488,
BCD,Bitcoin Diamond,812,9676743.488985265,USD,3963,49,0.006648290110924163,78,39,39,
ZERC,zkRace,813,9652320,USD,2435,43,0.033070981577417634,85,194,191,
RLY,Rally,814,9747448.656175494,USD,2400,30,0.015171738971083348,42,89,89,
OUSD,Origin Dollar,815,9484851.80743409,USD,2420,32,0.015001269993880165,55,88,87,
MXC,Moonchain,816,9481415.323239999,USD,2401,49,0.04943600338892327,89,290,289,
ATM,Atletico De Madrid Fan Token,817,9234901.926,USD,797,33,0.05386819679620604,88,316,315,
ASR,AS Roma Fan Token,818,9184679.8246,USD,1413,38,0.023013311922429794,74,135,134,
WRX,WazirX,819,9124088.107739009,USD,1735,34,0.038185050893513144,87,224,223,
SPS,Splintershards,820,9003965.536518697,USD,558,40,0.1106343662048662,88,649,604,
AURY,Aurory,821,8964818.034712,USD,2417,32,0.015171738971083348,85,89,88,
MUBI,Multibit,822,8985100,USD,1106,40,0.12188531870027633,56,715,701,
VITE,VITE,823,8800117.996599568,USD,1252,38,0.10159951041309746,80,596,596,
MCB,MUX Protocol,824,8692054.0635,USD,4075,34,0.023354249876836163,64,137,137,
JUV,Juventus Fan Token,825,8660121.0324,USD,1919,43,0.020797215218788412,98,122,122,
NWC,Newscrypto,826,8279866.69677573,USD,4577,0,0.0003535755325731459,,0,,
KP3R,Keep3rV1,827,8201683.619999999,USD,2940,49,0.0028979726124541225,100,17,10,692
WRLD,NFT Worlds,828,8166967.836885,USD,3382,60,0.011421421472613305,95,67,66,
OPEN,Open Custody Protocol,829,8417180.4126948,USD,321,51,0.08728011632803004,62,512,505,
LUCE,LUCE,830,8128199.9674872,USD,250,50,0.1399550302838138,78,821,820,
STOS,Stratos,831,8208324.894699999,USD,2701,48,0.025740815557680735,96,151,151,
JEWEL,DeFi Kingdoms,832,7936608.864517877,USD,2900,49,0.02352471885403935,88,138,136,
GAL,Galatasaray Fan Token,833,7828917.096,USD,2162,52,0.047390375662485065,72,278,277,
ACM,AC Milan Fan Token,834,7423798.130910001,USD,1886,51,0.038696457825122696,93,227,227,
GXA,GALAXIA,835,7393367.0521567995,USD,5114,55,0.003068441589657306,83,18,18,
DC,Dogechain,836,7582180.608626123,USD,348,38,0.09955388268665925,68,584,578,
NEXA,Nexa,837,7352065.214000001,USD,1330,38,0.06835805985847665,49,401,401,
MAGA,MAGA,838,7159689.70308064,USD,3175,37,0.016705959765912,67,98,73,
FITFI,Step App,839,7274509,USD,1183,37,0.027615974306915758,69,162,162,
BUY,Buying.com,840,7148405.165310001,USD,932,48,0.03409379544063673,42,200,183,
PEPE20,Pepe 2.0,841,7291074,USD,5154,37,0.00034093795440636734,100,2,1,
MAN,Matrix AI Network,842,7094489.820781587,USD,393,37,0.1777991432229206,84,1043,1035,
KAI,KardiaChain,843,6988690,USD,2611,36,0.08881433712285869,79,521,508,
IMGNAI,Image Generation AI,844,7158363.7969284,USD,2749,38,0.01841064953794384,87,108,108,
KWENTA,Kwenta,845,6699949.809408,USD,4813,38,0.005966414202111429,40,35,35,
KAN,BitKan,846,6870005.064246464,USD,3597,37,0.024718001694461634,93,145,144,
SAITO,Saito,847,6929898.113229999,USD,2477,35,0.019092525446756572,51,112,111,
XCHNG,Chainge,848,6758475.646896,USD,1236,41,0.08387073678396638,78,492,485,
KAR,Karura,849,6899199.60576,USD,2297,42,0.03170722975979216,42,186,185,
RVF,RocketX exchange,850,7146960.433138,USD,1794,35,0.04841318952570416,73,284,284,
SDN,Shiden Network,851,6827220.388326052,USD,3578,47,0.0064778211337209795,100,38,38,
CULT,Cult DAO,852,6899540.3117177915,USD,856,44,0.22160967036413876,77,1300,1290,
TOMI,tomi,853,6624193.372632419,USD,2394,43,0.01346704919905151,83,79,77,
INTER,Inter Milan Fan Token,854,6563174.80088,USD,2458,37,0.019433463401162938,55,114,114,
PUSH,Push Protocol,855,6716481.828224,USD,676,53,0.025570346580477552,68,150,149,
HNS,Handshake,856,6690346.593023999,USD,1291,50,0.02420659476285208,48,142,141,
HERO,Metahero,857,6515799.074923,USD,,,,,,,
CEL,Celsius,858,6286056.498149999,USD,731,47,0.03750317498470041,34,220,162,
STARL,Starlink,859,6484865.15188324,USD,4117,49,0.01994487033277249,44,117,117,3
HYDRA,Hydra,860,6194026.5594286,USD,1832,32,0.03017300896496351,90,177,177,
SRM,Serum,861,6110961.746165999,USD,1819,43,0.046197092822062774,55,271,271,
RIF,Rifampicin,862,6140846.243979087,USD,504,51,0.07142650144813396,75,419,419,
MEV,MEVerse,863,6374946.136703236,USD,3350,45,0.00920532476897192,64,54,54,
APM,apM Coin,864,6000563.9429440005,USD,2114,44,0.027956912261322124,61,164,164,
BAD,Bad Idea AI,865,6382041.597697949,USD,495,35,0.09068949587209371,28,532,483,
XCAD,XCAD Network,866,6058439.477208604,USD,1719,40,0.10330420018512931,91,606,602,
IZI,Izumi Finance,867,5964712.4799999995,USD,2636,34,0.01994487033277249,82,117,117,
URO,Urolithin A,868,5999660.381587415,USD,420,40,0.0637553974739907,86,374,374,
POOLX,Poolz Finance,869,5883693.321894,USD,4285,47,0.0037503174984700413,100,22,18,
CVP,PowerPool,870,5874082.53142407,USD,1186,34,0.025740815557680735,81,151,150,12826
CAPS,Ternoa,871,5768340.6847533,USD,1462,35,0.16961663231716775,80,995,984,
FNCY,FNCY,872,5714154.882297898,USD,3360,24,0.0013637518176254694,100,8,8,
SOFI,RAI Finance,873,5720831.381258355,USD,4654,0,0.0005666300245917431,,0,,
BAX,BABB,874,5388082.514625,USD,711,64,0.019603932378366124,93,115,112,
KILT,KILT Protocol,875,5148095.9838,USD,2535,43,0.022501904990820245,78,132,132,
IRIS,IRISnet,876,5306275.01881203,USD,1071,40,0.020285808287178856,91,119,119,
CEUR,Celo Euro,877,4892080.795288967,USD,3628,45,0.0028979726124541225,67,17,17,
LLM,Large Language Model,878,4692187.612592,USD,,,,,,,
FUSE,Fuse,879,4889079.993380461,USD,3169,48,0.02284284294522661,97,134,127,
KEY,SelfKey,880,4816859.963443303,USD,601,40,0.06903993576728938,65,405,401,
GZONE,GameZone,881,4678361.124645378,USD,4660,39,0.004943600338892327,100,29,29,
SIS,Symbiosis,882,4604563.475872,USD,2322,45,0.020626746241585225,63,121,121,
CQT,Covalent,883,4537731.879876254,USD,2047,32,0.031536760782588984,47,185,185,
AKITA,Akita Inu,884,4763850.668487573,USD,1830,50,0.044662872027234124,69,262,262,
FEI,Fei USD,885,4538146.627460752,USD,3649,64,0.0023865656808445715,100,14,14,14369
CENNZ,CENNZnet,886,4636920,USD,5330,41,0.008182510905752817,54,48,48,
UNIBOT,Unibot,887,4193600,USD,2534,46,0.016705959765912,79,98,98,
BTM,BytomDAO,888,4451210.955529403,USD,1671,34,0.19041384753595617,62,1117,1110,5890
VAL,Validity,889,4005877.8658635155,USD,2012,38,0.07057415656211805,70,414,413,
MTRG,Meter Governance,890,3868385.53881,USD,2465,38,0.04364005816401502,40,256,256,
FRED,First Convicted RACCON,891,3805146.298293989,USD,102,41,0.2226324842273579,74,1305,1300,
GMM,Gamium,892,3666417.893314864,USD,2412,37,0.04943600338892327,73,290,290,
CRU,Crust Network,893,3728906.1880599996,USD,2151,39,0.04278771327799911,95,251,238,
BEER,BEERCOIN,894,3544201.4062478305,USD,1263,41,0.07875666746787086,70,462,459,
TSUKA,Dejitaru Tsuka,895,3584100,USD,1909,39,0.08063182621710588,78,473,471,
UNFI,Unifi Protocol DAO,896,3326940.6690868735,USD,2035,40,0.049095065434516895,88,288,287,
CPH,Cypherium,897,3302150.161167,USD,5492,0,,,0,,
BTS,BitShares,898,3117258.448,USD,2484,47,0.022331436013617062,73,131,130,
VGX,VGX Token,899,3213480.6467843573,USD,1672,40,0.03767364396190359,67,221,181,
PRE,Presearch,900,3155614.2651385,USD,5060,0,,,0,,
FRA,Findora,901,3232359.682148806,USD,4927,41,0.013296580221848327,86,78,75,
OPTI,Optimus AI,902,3024201.828858,USD,1728,39,0.07074462553932123,86,415,415,
DOME,Everdome,903,3090351.48795822,USD,877,47,0.03477567134944947,75,204,197,
BOND,BarnBridge,904,2989367.222397532,USD,658,41,0.07483588099219764,59,439,425,31019
MDX,Mdex,905,2926095.394319192,USD,2419,41,0.03426426441783992,74,201,201,
NEST,NEST Protocol,906,2802175.02323676,USD,3269,44,0.019092525446756572,64,112,112,18053
RAI,Rai Reflex Index,907,2749232.6875053816,USD,5239,0,,,0,,31827
ORC,Orbit Chain,908,2672564.973256141,USD,1767,50,0.020456277264382042,93,120,120,
COT,Cosplay Token,909,2639998.0745087997,USD,,,,,,,
REVV,REVV,910,2623100.4351150002,USD,3080,41,0.02182002908200751,81,128,128,
FER,Ferro,911,2500113.8442209996,USD,3215,35,0.008693917837362368,55,51,49,
LBC,LBRY Credits,912,2382797.360314621,USD,4459,0,0.00017046897720318367,,1,1,
WOLF,LandWolf (SOL),913,2561329.8765827734,USD,,,,,,,
ABBC,ABBC Coin,914,2372712.2199080805,USD,3868,45,0.006648290110924163,80,39,39,
BSCPAD,BSCPAD,915,2345693.732673,USD,3227,37,0.010398607609394206,56,61,59,
EPX,Ellipsis,916,2279456.0871737977,USD,828,39,0.03988974066554498,53,234,234,
SPH,Spheroid Universe,917,2268125.7588678,USD,3760,43,0.012444235335832407,70,73,73,
BITCI,Bitcicoin,918,2181829.7054483597,USD,3738,43,0.00886438681456555,100,52,52,
PKF,Red Kite,919,2063999.7096485405,USD,5085,56,0.003920786475673225,67,23,23,
BBF,Bubblefong,920,2062112.1122090002,USD,4515,56,0.012785173290238776,63,75,74,
BRICK,r/FortNiteBR Bricks,921,1988796.47664,USD,3247,41,0.016705959765912,75,98,98,
FOR,ForTube,922,2168998.5,USD,496,41,0.039548802711138614,64,232,231,
TABOO,TABOO TOKEN,923,2018655.621808,USD,2037,32,0.033752857486230366,36,198,178,
DUST,DUST Protocol,924,1975178.27935,USD,2341,39,0.025058939648868,64,147,144,
COVAL,Circuits of Value,925,1998537.195585257,USD,3212,46,0.009546262723378286,78,56,56,
AKRO,Akropolis,926,1891156.1652354083,USD,2945,23,0.001534220794828653,25,9,9,
MLT,MILC Platform,927,1811232.3207580103,USD,5465,17,0.00034093795440636734,,2,2,
VEXT,Veloce,928,1719355.459797183,USD,2554,40,0.02693409839810302,87,158,158,
FSN,Fusion,929,1667520.9498882967,USD,2971,37,0.01841064953794384,34,108,108,32764
OAX,OAX,930,1669721.627587749,USD,1976,35,0.012273766358629224,74,72,72,
GMMT,Giant Mammoth,931,1528510.3341925999,USD,2688,36,0.012785173290238776,29,75,75,
SOLVE,SOLVE,932,1455909.9645335001,USD,1731,44,0.027275036352509385,78,160,158,9441
RMRK,RMRK,933,1557824.9669511986,USD,4666,46,0.013807987153457879,67,81,78,
WSM,Wall Street Memes,934,1339878.0838890313,USD,1084,43,0.06017554895272383,66,353,353,
PLANET,PLANET,935,1348356.22,USD,2864,37,0.020115339309975673,29,118,118,
TAMA,Tamadoge,936,1223489.52807171,USD,1989,44,0.0064778211337209795,100,38,34,
AGLA,Angola,937,1167895.3800000001,USD,2121,43,0.010398607609394206,24,61,61,
GFT,Gifto,938,1192870.2713921142,USD,623,35,0.020456277264382042,68,120,119,
VEGA,Vega Protocol,939,1054553.072468,USD,1845,21,0.010910014541003755,14,64,64,
WOZX,Efforce,940,1154690.3552237952,USD,2812,42,0.003579848521266857,33,21,20,
HVH,HAVAH,941,1116769.4350998001,USD,4582,20,0.0017046897720318366,25,10,10,
OOKI,Ooki Protocol,942,1098802.476,USD,2573,32,0.020797215218788412,54,122,122,
YOOSHI,YooShi,943,1049215.7534254603,USD,2482,39,0.03426426441783992,52,201,196,
ZKB,ZKBase,944,937227.936,USD,2676,36,0.011250952495410122,50,66,65,
MULTI,Multichain,945,900020.9861004535,USD,826,33,0.05267491395578376,76,309,306,32916
SSG,SOMESING,946,767190.3303896,USD,5139,45,0.004773131361689143,63,28,28,
RBLS,Rebel Bots,947,691526.3210665,USD,4031,23,0.0052845382932986944,10,31,31,
GRV,Grove Coin,948,668274.2033805001,USD,2507,39,0.006818759088127346,94,40,37,
NVIR,NvirWorld,949,484039.70780858,USD,5478,36,0.0011932828404222857,25,7,7,
THN,Throne,950,477577.4769486,USD,2986,29,0.00460266238448596,60,27,27,
HSF,Hillstone Finance,951,453653.395636,USD,2726,38,0.0025570346580477553,100,15,15,
WAIT,Hourglass,952,397752.79622814554,USD,1041,33,0.09256465462132873,89,543,542,
DREP,Drep [new],954,289930,USD,3459,41,0.009887200677784654,79,58,58,
VTS,Veritise,955,329271.6145048,USD,2113,51,0.008693917837362368,92,51,51,
PNT,pNetwork,956,279191.41080486716,USD,4604,29,0.020967684195991595,28,123,123,
PERL,PERL.eco,957,186954.44555548,USD,2290,38,0.025570346580477552,79,150,146,
CVTX,Carrieverse,958,175838.3638008,USD,4030,37,0.0076711039741432655,40,45,45,
ORB,OrbCity,959,155623.6773368823,USD,3146,39,0.03682129907588768,61,216,215,
KALM,KALM,960,139330.80000000002,USD,3897,23,0.005455007270501877,36,32,32,
PTS,Petals,961,40952.612499999996,USD,,,,,,,
EVA,Evadore,962,26570.644924,USD,,,,,,,
FTM,Fantom,,,,431,40,0.570730135676259,82,3348,3330,142692
1000SATS,1000SATS,,,,1878,41,0.02932066407894759,67,172,172,