Moneda,Descripción,Ranking,Capitalización de mercado,Capitalización de mercado - Divisa,"Direcciones ""In the money"" %","Direcciones ""At the money"" %","Direcciones ""Out of the money"" %",Direcciones de beneficios %,"Direcciones ""break-even"" (punto de equilibrio) %",Direcciones de pérdidas %
BTC,Bitcoin,1,2015833794290.8901,USD,92.96321557828855,3.317303230486009,3.7194811912254386,92.47566950596749,2.7917586816158884,4.732571812416615
ETH,Ethereum,2,347404354799.2564,USD,66.99289650774718,3.541046700662161,29.466056791590656,64.12697760189816,2.1194354097642405,33.753586988337595
XRP,XRP,3,156480980955.5538,USD,,,,,,
USDT,Tether USDt,4,139538645552.84302,USD,16.186464313795305,67.75906063168514,16.05447505451956,25.263340602608036,49.716246087201625,25.020413310190335
SOL,Solana,5,105889439873.14832,USD,,,,,,
BNB,BNB,6,87635462443.02272,USD,,,,,,
USDC,USDC,7,54372193112.39709,USD,16.365541467533053,71.9719504289225,11.662508103544452,24.167822521069215,54.9179092101494,20.914268268781377
DOGE,Dogecoin,8,42868002371.81696,USD,,,,,,
ADA,Cardano,9,28931912101.466335,USD,,,,,,
TRX,TRON,10,19785121979.61281,USD,,,,,,
LINK,Chainlink,11,13976303652.827387,USD,64.1806199796357,4.897330014707546,30.922050005656747,62.91478108383301,4.327271184523136,32.75794773164385
AVAX,Avalanche,12,11781524912.279879,USD,47.39575248260971,3.395592951064698,49.208654566325585,49.69609540546151,2.367873945290076,47.93603064924841
SUI,Sui,13,11541292254.3685,USD,,,,,,
XLM,Stellar,14,11293210526.24525,USD,,,,,,
HBAR,Hedera,15,10603548002.878387,USD,,,,,,
TON,Toncoin,16,10289824704.201557,USD,20.11603090149397,0.9108125169086483,78.97315658159738,22.680133465596537,0.8386689512129137,76.48119758319055
SHIB,Shiba Inu,17,9900056129.527454,USD,41.91969822527989,3.3321190413953046,54.7481827333248,41.689932870975454,2.9014393530697484,55.4086277759548
LEO,UNUS SED LEO,18,9045878654.7172,USD,97.34630694383016,2.6536930561698364,0,88.5891198584697,2.0787262273330382,9.332153914197258
HYPE,Hyperliquid,19,8395288373.379999,USD,,,,,,
LTC,Litecoin,20,8173094550.86186,USD,79.11914040220864,6.287704067480819,14.593155530310536,77.88736522432397,5.436752940535089,16.67588183514094
DOT,Polkadot,21,8106901975.451878,USD,,,,,,
BGB,Bitget Token,22,7886880000,USD,,,,,,
BCH,Bitcoin Cash,23,7001603665.75,USD,71.26515461572627,2.3991896353733493,26.33565574890038,71.32107066694606,2.3796178228291835,26.299311510224772
USDE,Ethena USDe,24,6043209021.934246,USD,,,,,,
UNI,Uniswap,25,6077242541.6252,USD,46.45362107086211,3.3480435772377075,50.198335351900184,47.352007308501484,2.9147708505060304,49.73322184099248
OM,MANTRA,26,5867682193.221628,USD,,,,,,
DAI,Dai,27,5359319820.210861,USD,35.28903151610476,11.385583940062745,53.3253845438325,40.89969304142672,7.810319896496614,51.28998706207666
PEPE,Pepe,28,4758465527.889941,USD,48.416755308671156,6.404138596698577,45.179106094630264,48.57434109443328,5.645264547137848,45.78039435842887
ONDO,Ondo,29,4502360050.3308,USD,,,,,,
NEAR,NEAR Protocol,30,4465871833.696,USD,,,,,,
AAVE,Aave,31,4270441082.079413,USD,59.76608998139352,3.3936599290411302,36.840250089565345,60.65596505217904,2.967213304210149,36.37682164361081
XMR,Monero,32,4192022590.7504954,USD,,,,,,
MNT,Mantle,33,4144294071.3401365,USD,,,,,,
TRUMP,OFFICIAL TRUMP,34,3992400000,USD,,,,,,
APT,Aptos,35,3732146765.7360606,USD,,,,,,
ICP,Internet Computer,36,3705848074.2974806,USD,,,,,,
ETC,Ethereum Classic,37,3340644534.619371,USD,,,,,,
VET,VeChain,38,3189514861.714968,USD,,,,,,
TAO,Bittensor,39,3210923427.2000003,USD,,,,,,
CRO,Cronos,40,3038192249.98064,USD,31.224910287643183,3.4306756765219784,65.34441403583484,34.09570570589378,2.8598357935081444,63.044458500598076
OKB,OKB,41,2967960000,USD,56.22939354580877,11.289839144769708,32.48076730942152,56.059546408232585,10.450594464981517,33.489859126785895
POL,POL (ex-MATIC),42,2964884659.4392724,USD,,,,,,
KAS,Kaspa,43,2918717290.4895782,USD,,,,,,
RENDER,Render,44,2657232170.122876,USD,,,,,,
ALGO,Algorand,45,2640414929.33495,USD,20.897959976664573,6.511733428928837,72.59030659440658,21.29394775887156,5.428436594503283,73.27761564662516
JUP,Jupiter,46,2607794075.7788763,USD,,,,,,
FIL,Filecoin,47,2230594805.6056004,USD,,,,,,
ARB,Arbitrum,48,2231876590.5212,USD,,,,,,
FET,Artificial Superintelligence Alliance,49,2128739862.3674035,USD,,,,,,
ENA,Ethena,50,2182117437.5,USD,,,,,,
DEXE,DeXe,51,1983475535.5325394,USD,83.55874894336432,9.763313609467456,6.677937447168217,82.3753169907016,8.19949281487743,9.425190194420964
GT,GateToken,52,1970458509.6163335,USD,,,,,,
ATOM,Cosmos,53,1941731097.8476,USD,,,,,,
RAY,Raydium,54,1849883913.6990001,USD,,,,,,
FDUSD,First Digital USD,55,1773460102.111654,USD,,,,,,
TIA,Celestia,56,1795558800.0377898,USD,,,,,,
LDO,Lido DAO,57,1734800941.6116593,USD,31.18833295569242,18.67880610542361,50.13286093888397,33.4768368797248,16.59216841411416,49.930994706161044
OP,Optimism,58,1630173156.21,USD,6.407433276186849,2.386606557030076,91.20596016678307,16.56071284949309,2.435710203822465,81.00357694668445
INJ,Injective,59,1605110630.47938,USD,21.456846950517836,3.019562715765247,75.52359033371691,27.13463751438435,2.3107019562715765,70.55466052934408
STX,Stacks,60,1595985805.4805205,USD,,,,,,
BONK,Bonk,61,1550956805.597579,USD,,,,,,
KCS,KuCoin Token,62,1577110100.1626222,USD,72.62848490246728,6.110269885098423,21.26124521243431,72.0940589649951,5.682729135120692,22.223211899884205
THETA,Theta Network,63,1577900000,USD,,,,,,
IMX,Immutable,64,1566107069.5382922,USD,17.03155795122646,3.3042053522665213,79.66423669650702,20.818987011136702,2.8708474817752236,76.31016550708807
MOVE,Movement,65,1539597000,USD,,,,,,
XDC,XDC Network,66,1485377488.7242796,USD,,,,,,
GRT,The Graph,67,1428651284.4013383,USD,26.428186802428037,6.77685040140983,66.79496279616212,29.480981985510084,6.032161738789896,64.48685627570002
WLD,Worldcoin,68,1421073582.599253,USD,,,,,,
S,Sonic (prev. FTM),69,1360080000,USD,,,,,,
JASMY,JasmyCoin,70,1327647686.3316803,USD,,,,,,
FLR,FLARE,71,1308942827.9230917,USD,,,,,,
QNT,Quant,72,1160673031.32,USD,19.939376975539155,9.734501191297046,70.3261218331638,22.643518866185598,8.76030011127875,68.59618102253565
SEI,Sei,73,1142025083.1043198,USD,,,,,,
SAND,The Sandbox,74,1065562115.6104527,USD,8.650684284101029,5.185734255993394,86.16358145990559,12.184784068692075,4.7215851711083365,83.09363076019959
ENS,Ethereum Name Service,75,1053555682.2293496,USD,50.54293166050151,1.48645653989738,47.97061179960111,51.6032252015751,1.32792390433493,47.06885089408997
FLOKI,FLOKI,76,1032934678.7362659,USD,53.72715729034395,0.3202120024291945,45.95263070722685,53.9524098713631,0.3422955888036217,45.70529453983327
VIRTUAL,Virtuals Protocol,77,1024031773.2680788,USD,,,,,,
EOS,EOS,78,1000568445.5330895,USD,,,,,,
XTZ,Tezos,79,969555997.9476779,USD,,,,,,
XCN,Onyxcoin,80,937410492.762075,USD,,,,,,
NEXO,Nexo,81,916428644.2687753,USD,63.37987882570143,2.682216501547183,33.93790467275139,61.41014639727488,2.462490573887719,36.1273630288374
GALA,Gala,82,905099405.532826,USD,8.47562452264302,4.984258862539819,86.54011661481717,12.868240159460518,4.575920716827183,82.5558391237123
BTT,BitTorrent-New,83,913842024.7541534,USD,,,,,,
KAIA,Kaia,84,916486843.912225,USD,,,,,,
JTO,Jito,85,903348691.7694399,USD,,,,,,
IOTA,IOTA,86,892986718.4593201,USD,,,,,,
WIF,dogwifhat,87,873446999.8560996,USD,,,,,,
FARTCOIN,Fartcoin,88,851088515.69904,USD,,,,,,
MKR,Maker,89,881478916.8848832,USD,44.284531284395015,1.3574565771129676,54.358012138492015,44.1776119246533,1.2264279499785113,54.595960125368194
PENGU,Pudgy Penguins,90,845220885.8266778,USD,,,,,,
SPX,SPX6900,91,843293540.985406,USD,,,,,,
BSV,Bitcoin SV,92,860752459.875,USD,,,,,,
FLOW,Flow,93,838358198.4266297,USD,,,,,,
NEO,Neo,94,829818807.884,USD,,,,,,
PYTH,Pyth Network,95,823778536.7327727,USD,,,,,,
AR,Arweave,96,796692674.91,USD,,,,,,
AERO,Aerodrome Finance,97,769614269.3470683,USD,,,,,,
USDD,USDD,98,741232417.664195,USD,42.792792792792795,56.30630630630631,0.9009009009009009,45.4954954954955,47.2972972972973,7.207207207207207
CRV,Curve DAO Token,99,753158101.80193,USD,14.308274266407139,7.703796197681394,77.98792953591148,19.41312571155753,6.521233488804828,74.06564079963765
MELANIA,Official Melania Meme,100,728304914.8557585,USD,,,,,,
RON,Ronin,101,723818802.2095112,USD,,,,,,
DEEP,DeepBook Protocol,102,706885360,USD,,,,,,
AXS,Axie Infinity,103,706386334.3096929,USD,0.1266865142205612,1.9015645784506239,97.97174890732882,5.766770127319947,1.7698106036612402,92.46341926901881
STRK,Starknet,104,713350180.0540721,USD,,,,,,
AIOZ,AIOZ Network,105,681701991.9061012,USD,,,,,,
XAUT,Tether Gold,106,692382375.92,USD,96.37445887445888,3.6255411255411256,0,94.77813852813853,2.6785714285714284,2.5432900432900434
MANA,Decentraland,107,688257547.0423001,USD,15.52118847031642,2.766194246428672,81.7126172832549,17.520639035248372,2.57847059817982,79.90089036657182
EGLD,MultiversX,108,687341915.2906938,USD,,,,,,
HNT,Helium,109,656555118.7516797,USD,,,,,,
MATIC,Polygon,110,661480204.28952,USD,1.7765062311851623,0.5937215869843891,97.62977218183046,6.75020963383956,0.5127595523956088,92.73703081376483
FTT,FTX Token,111,637596048.2522831,USD,22.31545867879112,2.9386199518587857,74.7459213693501,25.010029419630918,2.49398234822145,72.49598823214764
BRETT,Brett (Based),112,633214554.458525,USD,,,,,,
BEAM,Beam,113,631136747.179512,USD,,,,,,
CFX,Conflux,114,594163698.8137509,USD,,,,,,
CHZ,Chiliz,115,589790474.82756,USD,6.98197931353151,2.4477802921697096,90.57024039429878,9.497292750257692,2.2937573309005606,88.20894991884175
ZEC,Zcash,116,581661917.68125,USD,,,,,,
W,Wormhole,117,581699637.3934,USD,,,,,,
PAXG,PAX Gold,118,572867765.16256,USD,98.94170239941612,0.9244898579813277,0.1338077426025606,94.32533527962778,0.7268193291366359,4.947845391235592
APE,ApeCoin,119,575831094.58105,USD,1.5214234498050772,1.508770027054223,96.9698065231407,7.481788109397877,1.2749829781336803,91.24322891246844
AKT,Akash Network,120,577661729.8586106,USD,,,,,,
KAVA,Kava,121,562282670.4191201,USD,,,,,,
XEC,eCash,122,550465676.4654254,USD,,,,,,
RSR,Reserve Rights,123,534506314.08537453,USD,,,,,,
MORPHO,Morpho,124,530550740.3679713,USD,,,,,,
CORE,Core,125,528334794.8077465,USD,,,,,,
RUNE,THORChain,126,511645992.2536,USD,,,,,,
COMP,Compound,127,514751698.68135697,USD,11.09662935940667,3.439287188597244,85.46408345199609,16.784092543031676,3.1851092547669957,80.03079820220132
PENDLE,Pendle,128,523508974.25325274,USD,9.5308272661285,5.501176781118712,84.96799595275279,14.457910828585883,5.037063106262235,80.50502606515188
AI16Z,ai16z,129,497716645.67801684,USD,,,,,,
AMP,Amp,130,500200727.70094186,USD,,,,,,
EIGEN,EigenLayer,131,529804357.546324,USD,,,,,,
TUSD,TrueUSD,132,494108817.32428,USD,26.103426022054492,48.8453660315946,25.051207946350907,31.993041331126015,35.08235360139174,32.924605067482254
GIGA,Gigachad,133,496246464.577248,USD,,,,,,
GNO,Gnosis,134,484314054.7553838,USD,51.30992787441663,4.751803139584218,43.93826898599915,50.4507848960543,4.274501484938481,45.274713619007215
PYUSD,PayPal USD,135,477321800.89383274,USD,33.33956269856102,64.33376938889927,2.3266679125397123,35.128947860213046,58.78340497103345,6.087647168753504
ZK,zkSync,136,453090750,USD,,,,,,
MINA,Mina,137,460038226.8975029,USD,,,,,,
VTHO,VeThor Token,138,447501084.6978672,USD,,,,,,
CAKE,PancakeSwap,139,449410032.20319206,USD,,,,,,
NFT,APENFT,140,443985560.09999996,USD,,,,,,
SNX,Synthetix,141,432615746.9325641,USD,0.5717275139195097,0.5219037654297921,98.90636872065069,7.735136953028661,0.49823748489717623,91.76662556207417
TOSHI,Toshi,142,422772036.879,USD,,,,,,
SUPER,SuperVerse,143,401458635.87746876,USD,,,,,,
AXL,Axelar,144,410293256.6150453,USD,,,,,,
MOG,MOG Coin,145,422824498.44133604,USD,,,,,,
1INCH,1inch Network,146,389174769.01268065,USD,3.1108597285067874,3.599430488375722,93.28970978311749,9.18337494148853,3.1703463878920273,87.64627867061944
LUNC,Terra Classic,147,372828902.7467987,USD,,,,,,
ACH,Alchemy Pay,148,359403888.0929132,USD,,,,,,
CTC,Creditcoin,149,368019939.65788996,USD,,,,,,
GRASS,GRASS,150,357418520.3514,USD,,,,,,
TFUEL,Theta Fuel,151,363074264.54887503,USD,,,,,,
TWT,Trust Wallet Token,152,363131220.345,USD,,,,,,
ROSE,Oasis,153,346848914.6371,USD,,,,,,
KSM,Kusama,154,345713525.73310614,USD,,,,,,
SAFE,Safe,155,346799147.78106,USD,,,,,,
LPT,Livepeer,156,345254841.88106674,USD,98.24798262232606,0.11600949268226735,1.6360078849916602,98.30479986992322,0.10687488695925419,1.5883252431175314
MX,MX TOKEN,157,334058842.4454,USD,,,,,,
JST,JUST,158,335382300,USD,,,,,,
ZRO,LayerZero,159,332750000,USD,,,,,,
QTUM,Qtum,160,329744421.1758,USD,,,,,,
AIXBT,aixbt by Virtuals,161,319097696.1620252,USD,,,,,,
BLUR,Blur,162,327216305.8336449,USD,1.2607662028917728,0.7638645309637944,97.97536926614443,11.769749405666628,0.7190459487898984,87.51120464554347
DASH,Dash,163,326606489.5112272,USD,,,,,,
CKB,Nervos Network,164,323470264.5321092,USD,,,,,,
NOT,Notcoin,165,319952586.97332215,USD,,,,,,
SFP,SafePal,166,320282625,USD,,,,,,
ASTR,Astar,167,314657224.986852,USD,,,,,,
MEW,cat in a dogs world,168,311813333.3302152,USD,,,,,,
HOT,Holo,169,307942986.1947081,USD,,,,,,
PRIME,Echelon Prime,170,310287987.29760003,USD,,,,,,
TURBO,Turbo,171,300481200,USD,20.64949186566852,5.89268537493204,73.45782275939943,26.903935427209234,5.1085274559826015,67.98753711680816
ZIL,Zilliqa,172,303576197.76018286,USD,,,,,,
ORDI,ORDI,173,289758000,USD,,,,,,
ZRX,0x Protocol,174,290974569.17690206,USD,35.35884984095525,7.043410182148664,57.59773997689608,37.14584485335582,4.692504366202581,58.1616507804416
BAT,Basic Attention Token,175,287315970.3705956,USD,13.917374468414861,7.087488757752161,78.99513677383297,24.228306277577264,4.554900915582754,71.21679280683998
WEMIX,WEMIX,176,283658693.4581277,USD,,,,,,
TRAC,OriginTrail,177,284277175.7361931,USD,52.04859456884231,3.7017627441638874,44.24964268699381,53.63506431634112,2.929966650786089,43.43496903287279
BABYDOGE,Baby Doge Coin,178,277917927.65399176,USD,,,,,,
GLM,Golem,179,272700000,USD,43.49887956641826,6.665276981604045,49.835843451977695,45.645942988170304,5.972171556620981,48.38188545520871
MOCA,Moca Network,180,269914539.37103605,USD,,,,,,
SATS,SATS (Ordinals),181,268065000.00000003,USD,,,,,,
GAS,Gas,182,263998848.522,USD,,,,,,
ATH,Aethir,183,264699699.517084,USD,,,,,,
ETHFI,ether.fi,184,292701755.55840003,USD,,,,,,
POPCAT,Popcat (SOL),185,251127928.28559598,USD,,,,,,
CELO,Celo,186,256559904.58187997,USD,,,,,,
SKL,SKALE,187,261403540.184118,USD,20.395512454839324,7.415858528237306,72.18862901692337,24.590226278760223,6.617227609811752,68.79254611142804
SUSHI,SushiSwap,188,255287688.7280934,USD,8.980829200072964,3.2365383111975885,87.78263248872945,14.097964785490301,2.893427030219852,83.00860818428984
SC,Siacoin,189,252393365.27159458,USD,,,,,,
ID,SPACE ID,190,252092314.01677272,USD,,,,,,
XYO,XYO,191,247230936.40974,USD,60.44740340401421,3.5543835944820974,35.99821300150369,60.54002222851788,3.2264039924161527,36.23357377906596
MASK,Mask Network,192,249480000,USD,5.957747723857509,5.179881552196588,88.8623707239459,11.031556616282154,4.25174577919208,84.71669760452578
ANKR,Ankr,193,246070000,USD,18.79671585143875,5.7337051237364935,75.46957902482475,21.21141706363038,5.3328685953293835,73.45571434104023
CVX,Convex Finance,194,245736353.2098293,USD,4.400999430149477,5.010301144084513,90.58869942576601,15.50431771358436,3.3577346249945204,81.13794766142112
T,Threshold,195,241765103.4620191,USD,,,,,,
WOO,WOO,196,239875989.40571117,USD,1.8347584800951358,2.9673254431168243,95.19791607678803,9.621156350869246,2.5596013364290164,87.81924231270175
ZETA,ZetaChain,197,236970464.17815,USD,,,,,,
IO,io.net,198,236063030.9314,USD,,,,,,
RVN,Ravencoin,199,234582699.36687496,USD,,,,,,
STETH,Lido Staked ETH,200,27226455029.214928,USD,64.32030612885013,4.194216172134746,31.485477699015117,65.24684775108211,3.983438931058277,30.76971331785961
WBTC,Wrapped Bitcoin,201,13152289319.04256,USD,86.14268440145104,7.089573062970886,6.767742535578086,82.92530927355595,5.568784299134964,11.505906427309087
WBETH,Wrapped Beacon ETH,202,6164306161.502934,USD,,,,,,
WEETH,Wrapped eETH,203,5945607788.880222,USD,,,,,,
BIT,BitDAO,204,2189542301.0059624,USD,,,,,,
FTN,Fasttoken,205,1708443711.0593,USD,,,,,,
MSOL,Marinade Staked SOL,206,1138290040.8,USD,,,,,,
ZBU,ZEEBU,207,1015968502.874772,USD,,,,,,
TEL,Telcoin,208,662273060.1765205,USD,84.97750281214849,1.2935883014623173,13.728908886389203,82.22159730033745,1.3104611923509561,16.467941507311586
FRAX,Frax,209,647192892.8042616,USD,5.698552951722371,43.1809450633884,51.12050198488923,18.196952234601103,29.517223716224866,52.28582404917403
KLAY,Klaytn,210,587173895.12104,USD,,,,,,
BDX,Beldex,211,534891956.11464554,USD,,,,,,
CHEEL,Cheelee,212,452613291.2500286,USD,,,,,,
SNEK,Snek,213,411683332.7425287,USD,,,,,,
DOG,Dog (Bitcoin),214,363010000,USD,,,,,,
TRIBE,Tribe,215,311054773.1408582,USD,35.636109601800825,13.040440891096793,51.32344950710238,35.58177443142125,11.98478615229372,52.43343941628502
ARC,AI Rig Complex,216,301449493.26255,USD,,,,,,
BORG,Swissborg,217,302522087.0553436,USD,,,,,,
OCEAN,Ocean Protocol,218,239028970.66613376,USD,17.087823275862068,9.210668103448276,73.70150862068967,23.81196120689655,8.165409482758621,68.02262931034483
ONE,Harmony,219,234599996.58658105,USD,,,,,,
ACT,Act I : The AI Prophecy,220,229949663.7878171,USD,,,,,,
ELF,aelf,221,227641419.7263798,USD,56.761658571160545,1.3196022431153454,41.918739185724114,56.874231274364696,0.9547832975463321,42.170985428088976
OSMO,Osmosis,222,229066398.57384086,USD,,,,,,
ENJ,Enjin Coin,223,228105572.65270084,USD,6.433328232797334,3.703654423162643,89.86301734404002,12.161451923012953,3.3630273233495886,84.47552075363745
UXLINK,UXLINK,224,227395534,USD,,,,,,
ZKJ,Polyhedra Network,225,227548565.35265404,USD,,,,,,
MPLX,Metaplex,226,224045690.86878002,USD,,,,,,
IOTX,IoTeX,227,220352112.421323,USD,37.31244774937299,1.6500198002376028,61.037532450389406,35.85163021956264,1.6852202226426718,62.463149557794694
GRIFFAIN,GRIFFAIN,228,217664121.0128,USD,,,,,,
CPOOL,Clearpool,229,221936118.82995072,USD,,,,,,
QUBIC,QUBIC,230,221678439.73094928,USD,,,,,,
ZEN,Horizen,231,221320210.05,USD,,,,,,
ETHW,EthereumPoW,232,218355036.87591824,USD,,,,,,
DRIFT,Drift,233,213239299.9640989,USD,,,,,,
PEAQ,peaq,234,211829355.71579245,USD,,,,,,
YFI,yearn.finance,235,216422287.26002064,USD,6.655464939961477,3.53674029752879,89.80779476250973,12.0077046022704,3.1679029547969346,84.82439244293266
BIO,Bio Protocol,236,213133163.93241596,USD,,,,,,
VANA,Vana,237,210214958.39999998,USD,,,,,,
MEME,Memecoin,238,202204413.81524968,USD,,,,,,
PNUT,Peanut the Squirrel,239,195651380.5613495,USD,,,,,,
GOMINING,Gomining,240,197072450.24147326,USD,,,,,,
ARKM,Arkham,241,198018219,USD,,,,,,
GMT,GMT,242,195274818.40605265,USD,,,,,,
AVAIL,Avail,243,196228961.78020498,USD,,,,,,
XCH,Chia,244,191231830.80900002,USD,,,,,,
G,Gravity,245,192785973.66,USD,,,,,,
PAAL,PAAL AI,246,203113709.52289382,USD,,,,,,
SPELL,Spell Token,247,181800958.66907743,USD,32.64025224582069,13.317270509845915,54.0424772443334,35.43637337140817,11.69016598250937,52.87346064608246
XEM,NEM,248,187784999.979135,USD,,,,,,
LRC,Loopring,249,186612735.1450019,USD,31.617254597505944,0.7660488136251152,67.61669658886895,35.862972487748074,0.6459556504439807,63.491071861807946
KDA,Kadena,250,186691170.32901585,USD,,,,,,
GMX,GMX,251,187999705.42364964,USD,0.1486908446991714,0.14970464591302937,99.70160450938779,2.0891063680233577,0.09090417550926615,97.81998945646737
LUNA,Terra,252,186257317.70544907,USD,,,,,,
SUN,Sun (New),253,185715754.7145727,USD,,,,,,
ANIME,Animecoin,254,186274351.790592,USD,,,,,,
TAI,TARS AI,255,181041682.93929997,USD,,,,,,
DCR,Decred,256,183428509.67285874,USD,,,,,,
USUAL,Usual,257,181543842.60252577,USD,,,,,,
ONT,Ontology,258,179381636.81478,USD,0.9830230784441116,0.7718708511059009,98.24510607044998,2.1517753735770175,0.6532301347419565,97.19499449168103
DAG,Constellation,259,179380758.14778602,USD,72.56532066508314,4.602137767220903,22.832541567695962,71.28859857482185,4.483372921615201,24.228028503562946
ETHDYDX,dYdX (ethDYDX),260,178703755.2425366,USD,0.017134697762970014,1.0223702998572108,98.96049500237982,6.9509757258448355,0.9443122322703476,92.10471204188482
BICO,Biconomy,261,175870018.24897346,USD,,,,,,
CSPR,Casper,262,177920499.472709,USD,,,,,,
MANTA,Manta Network,263,176700875.01378712,USD,,,,,,
POLYX,Polymesh,264,175496903.96792734,USD,,,,,,
NEIRO,First Neiro On Ethereum,265,171710683.4908496,USD,,,,,,
HONEY,Hivemapper,266,168861591.37201282,USD,,,,,,
HIVE,Hive,267,173219178.1195344,USD,,,,,,
ME,Magic Eden,268,168941124.90065974,USD,,,,,,
FXS,Frax Share,269,169035700.02923757,USD,2.016079158936302,3.308596165739023,94.67532467532467,13.271490414347555,2.411873840445269,84.31663574520717
AEVO,Aevo,270,169230602.85419947,USD,,,,,,
METIS,Metis,271,170481694.405,USD,17.611703334089363,3.254706282603765,79.13359038330687,23.480381038784305,2.4722159219777726,74.04740303923792
LCX,LCX,272,173220776.5995,USD,46.76719010230788,3.0186771353794906,50.21413276231264,47.31441827266239,2.6350226029026884,50.050559124434926
FLUX,Flux,273,168164179.11944228,USD,,,,,,
BOME,BOOK OF MEME,274,165756614.47511482,USD,,,,,,
BAND,Band Protocol,275,162469514.90359196,USD,0.6202963311382879,1.1964957666980245,98.18320790216369,10.007055503292568,1.143579492003763,88.84936500470367
FIDA,Solana Name Service,276,161786175.72625375,USD,,,,,,
DGB,DigiByte,277,159274098.93101612,USD,,,,,,
ORBR,Orbler,278,156004280.6675,USD,,,,,,
SSV,ssv.network,279,161171188.2522982,USD,,,,,,
SOLO,Sologenic,280,160131059.72562,USD,,,,,,
COW,CoW Protocol,281,155135217.51022848,USD,47.816349384098544,6.140350877192982,46.04329973870847,49.66405375139978,5.039193729003359,45.296752519596865
ACX,Across Protocol,282,159277123.96094057,USD,,,,,,
UPC,UPCX,283,155560726.61894,USD,,,,,,
WAVES,Waves,284,155682090.98180002,USD,,,,,,
ANON,Hey Anon,285,159854266.55153114,USD,,,,,,
DYM,Dymension,286,154410155.46516,USD,,,,,,
CHEEMS,Cheems (cheems.pet),287,154289664.11667502,USD,,,,,,
UMA,UMA,288,153715296.66966644,USD,7.169650064099519,1.785290347087033,91.04505958881344,13.318455913774274,1.4671668011965244,85.2143772850292
COTI,COTI,289,152210052.18601057,USD,,,,,,
SXP,Solar,290,152851447.6889369,USD,51.04491644942092,1.3590324372836446,47.59605111329544,55.26304542929184,1.1752639001666738,43.56169067054147
VINE,Vine Coin,291,146179138.12272,USD,,,,,,
ZIG,ZIGChain,292,148863445.68031558,USD,,,,,,
GOAT,Goatseus Maximus,293,145999407.66838253,USD,,,,,,
VELO,Velo,294,144602045.49177,USD,50.342705273464816,2.5528045880542733,47.10449013848091,54.59504825849769,1.80444817456987,43.60050356693244
WAXP,WAX,295,144773462.52677977,USD,,,,,,
ALT,AltLayer,296,144494923.11386955,USD,,,,,,
SKI,Ski Mask Dog,297,142037840.06732,USD,,,,,,
STORJ,Storj,298,142724069.3905091,USD,16.664780152498945,4.971136333233862,78.3640835142672,21.551537852049268,4.467951554316173,73.98051059363456
ICX,ICON,299,141815668.84917548,USD,,,,,,
EDU,Open Campus,300,142473268.03665,USD,,,,,,
CGPT,ChainGPT,301,138779590.61308,USD,,,,,,
RPL,Rocket Pool,302,140686898.65620083,USD,64.09909300121835,0.2842832002165967,35.616623798565044,68.99959388114254,0.24367131447136864,30.75673480438608
ALEO,Aleo,303,139818872.58130762,USD,,,,,,
KUB,Bitkub Coin,304,141722472.2472,USD,,,,,,
SWFTC,SwftCoin,305,145657844.963631,USD,92.56031495003197,6.938322285406643,0.5013627645613917,88.83542514889464,6.312460042397119,4.852114808708233
VVS,VVS Finance,306,137576549.25225237,USD,,,,,,
AUDIO,Audius,307,136809431.241747,USD,0.457986975168105,0.325620797373855,99.21639222745804,5.707629586488061,0.30444220892677504,93.98792820458517
XNO,Nano,308,136872650.67839998,USD,,,,,,
ELON,Dogelon Mars,309,134846314.10325056,USD,24.4250716628742,13.171193002157274,62.40373533496852,23.766659771269836,11.90874434823724,64.32459588049292
SNT,Status,310,135282171.62808266,USD,45.98359468604759,2.80970625798212,51.2066990559703,50.59314558070335,2.265934615739095,47.14091980355756
ORCA,Orca,311,134988676.422,USD,,,,,,
GLMR,Moonbeam,312,133517892.79316999,USD,,,,,,
VVV,Venice Token,313,131229367.50347637,USD,,,,,,
ILV,Illuvium,314,132550056.33741473,USD,0.4969597754911132,0.2065793576551294,99.29646086685375,7.193249142500779,0.2299657000311818,92.57678515746804
0X0,0x0.ai,315,134592592.9868,USD,,,,,,
PHA,Phala Network,316,128574914.63150595,USD,42.01520912547528,6.3688212927756656,51.615969581749056,46.940068803186676,5.599311968133261,47.460619228680066
TAIKO,Taiko,317,131552733.70740677,USD,,,,,,
POWR,Powerledger,318,128043463.71743149,USD,36.65205055455249,1.51811046832971,61.8298389771178,37.90486016433914,1.3209771914956336,60.774162644165216
HMSTR,Hamster Kombat,319,127462500,USD,,,,,,
LSK,Lisk,320,126207055.61097665,USD,,,,,,
DESO,Decentralized Social,321,124090314.312,USD,,,,,,
XAI,Xai,322,124784277.12556572,USD,,,,,,
BAL,Balancer,323,128021900.89935975,USD,2.1966482362521966,1.3308473704513308,96.47250439329648,8.122240795508121,1.0715357250010715,90.80622347949081
ZENT,Zentry,324,125309963.05716603,USD,,,,,,
POND,Marlin,325,124044172.73522599,USD,,,,,,
NPC,Non-Playable Coin,326,123862100.76197228,USD,,,,,,
WMTX,World Mobile Token,327,124676206.00495,USD,,,,,,
XPR,XPR Network,328,120060333.56871842,USD,,,,,,
XVG,Verge,329,120408676.2158358,USD,,,,,,
STPT,STP,330,119208275.18965413,USD,,,,,,
HT,Huobi Token,331,124954128.98723999,USD,1.8094810826977719,1.173919545386571,97.01659937191566,9.329669508000599,1.1365335726035593,89.53379691939585
ACS,Access Protocol,332,117896718.84171845,USD,,,,,,
UFD,Unicorn Fart Dust,333,122101000,USD,,,,,,
WILD,Wilder World,334,121017495.97331469,USD,,,,,,
CVC,Civic,335,120150000,USD,22.18637814945324,1.8826409912816187,75.93098085926513,27.682101675848266,1.5170314490380004,70.80086687511373
IQ,IQ,336,119036941.01607254,USD,,,,,,
BIGTIME,Big Time,337,117274866.25198814,USD,,,,,,
STRAX,Stratis [New],338,118385350.58482647,USD,,,,,,
BORA,BORA,339,112806856.25,USD,,,,,,
PEPECOIN,PepeCoin,340,117731833.85465755,USD,,,,,,
BITCOIN,HarryPotterObamaSonic10Inu (ERC-20),341,116386503.22355,USD,,,,,,
LQTY,Liquity,342,114253788.54344738,USD,19.42287193543475,5.063194761687224,75.51393330287802,22.54454088624943,4.141921729861428,73.31353738388914
BLAST,Blast,343,113065055.23732881,USD,,,,,,
SCR,Scroll,344,115086800,USD,,,,,,
AGI,Delysium,345,112999882.06229447,USD,,,,,,
IOST,IOST,346,111496633.5,USD,,,,,,
CETUS,Cetus Protocol,347,111719208.86909696,USD,,,,,,
PEOPLE,ConstitutionDAO,348,110351474.9951376,USD,,,,,,
CHR,Chromia,349,111143751.69012892,USD,,,,,,
ONG,Ontology Gas,350,108199538.90251838,USD,,,,,,
MVL,MVL,351,108077102.5017717,USD,88.67358312612535,2.7008488382062934,8.625568035668353,88.94795507159394,2.4436251393295034,8.608419789076567
YGG,Yield Guild Games,352,108432120.64211091,USD,7.728832682995628,2.590381270274082,89.68078604673029,12.745051948662498,2.2330873019604156,85.02186074937708
KEEP,Keep Network,353,108516610.41443175,USD,5.967581273204745,6.203024540432853,87.82939418636239,14.588427057864712,5.732138005976637,79.67943493615866
RLC,iExec RLC,354,108045429.49700965,USD,47.60754591263066,5.238828967642527,47.15362511972682,48.19056344480073,4.28934327239412,47.52009328280515
SYRUP,Maple Finance,355,107686927.7743688,USD,,,,,,
DOGS,DOGS,356,106109445,USD,,,,,,
EURC,EURC,357,105219770.66369392,USD,,,,,,
BTG,Bitcoin Gold,358,88468082.22511572,USD,,,,,,
AL,ArchLoot,359,105207514.48410657,USD,,,,,,
CFG,Centrifuge,360,103371052.22125001,USD,,,,,,
XRD,Radix,361,105383061.2710179,USD,,,,,,
PIXEL,Pixels,362,101971293.05318299,USD,,,,,,
CELR,Celer Network,363,101693092.37747774,USD,21.96478220574606,3.741280913126189,74.29393688112775,25.652407199648795,3.1705770450221937,71.17701575532901
SLP,Smooth Love Potion,364,101994875.57589339,USD,3.03802245494858,2.2187627763625497,94.74321476868887,7.392206811963392,2.1448564329968236,90.46293675503978
VANRY,Vanar Chain,365,101182511.29552276,USD,,,,,,
DF,dForce,366,102697414.8893792,USD,29.270680372001955,8.516886930983848,62.212432697014194,34.06754772393539,6.510034263338229,59.42241801272638
LOFI,LOFI,367,94880000,USD,,,,,,
BB,BounceBit,368,100798305.61643836,USD,,,,,,
DKA,dKargo,369,97107733.34024,USD,,,,,,
TRB,Tellor,370,98211501.594,USD,17.047708529074015,2.4428437206388978,80.5094477502871,21.2861467794133,2.2340536590458293,76.47979956154087
ERG,Ergo,371,99240060.4272,USD,,,,,,
APU,Apu Apustaja,372,98955097.28279828,USD,,,,,,
BANANA,Banana Gun,373,99251472.50152102,USD,,,,,,
OXT,Orchid,374,96145723.85116068,USD,12.80483796752777,2.1735796139266856,85.02158241854553,21.477245338416708,2.06621529831942,76.45653936326387
OMNI,Omni Network,375,95853204.934506,USD,,,,,,
PUNDIX,Pundi X (New),376,95628981.1932385,USD,,,,,,
DENT,Dent,377,95376999.99999994,USD,25.65948678630472,3.272875386347845,71.06763782734744,27.66370366820807,2.9230658648201837,69.41323046697175
ORBS,Orbs,378,94866526.295208,USD,34.447513812154696,1.5331491712707181,64.01933701657458,36.16022099447514,1.1325966850828728,62.70718232044199
MLK,MiL.k,379,98264613.32569256,USD,,,,,,
JOE,JOE,380,94603674.75072001,USD,4.142536571071647,5.214414053162039,90.64304937576631,10.385644553088781,4.207311900924591,85.40704354598662
SAGA,Saga,381,94228332.14746,USD,,,,,,
CTSI,Cartesi,382,94422236.66030082,USD,13.03657362848893,1.2656400384985562,85.69778633301252,16.785370548604426,1.2030798845043311,82.01154956689123
AGLD,Adventure Gold,383,93506446.2095,USD,57.7330754352031,12.402321083172147,29.86460348162476,60.59574468085106,11.288201160541586,28.11605415860735
PRO,Propy,384,93228000,USD,28.2701948421107,6.207039123468913,65.52276603442039,29.54674660189157,5.509328647475321,64.9439247506331
XVS,Venus,385,93046599.97846545,USD,,,,,,
FWOG,FWOG,386,86230552.829952,USD,,,,,,
AI,Sleepless AI,387,92430250,USD,,,,,,
NOS,Nosana,388,94250533.9075,USD,,,,,,
OAS,Oasys,389,91562462.20431072,USD,,,,,,
LON,Tokenlon Network Token,390,89866263.5822978,USD,4.21899128813263,0.22143876926662975,95.55956994260075,20.343230092363278,0.1515107368666414,79.50525917077009
ANDY,ANDY (ETH),391,97597000,USD,,,,,,
ASM,Assemble Protocol,392,88952154.6486,USD,,,,,,
NMR,Numeraire,393,90407787.40457995,USD,29.854413824081167,2.066213966760906,68.07937220915792,36.206304330594236,1.7544323196026106,62.03926334980315
MED,MediBloc,394,89431417.0897308,USD,,,,,,
FUEL,Fuel Network,395,89845030.72082809,USD,,,,,,
C98,Coin98,396,88095181.225393,USD,,,,,,
MIGGLES,Mr Miggles,397,85702902.695229,USD,,,,,,
CARV,CARV,398,88034518.23245,USD,,,,,,
XYM,Symbol,399,87063274.59474204,USD,,,,,,
STEEM,Steem,400,86548831.14269798,USD,,,,,,
GAME,GameBuild,401,87997840.40771325,USD,,,,,,
SFUND,Seedify.fund,402,86798121.23586214,USD,,,,,,
ALU,Altura,403,86379480,USD,,,,,,
ORAI,Oraichain,404,83448147.42,USD,,,,,,
PYR,Vulcan Forged PYR,405,83497810.28710167,USD,,,,,,
KNC,Kyber Network Crystal v2,406,83427615.86284144,USD,5.55570138597228,0.9843553128937421,93.45994330113398,16.03580428391432,0.622112557748845,83.34208315833683
BTRST,Braintrust,407,83291533.04601999,USD,10.0104821802935,1.4150943396226416,88.57442348008385,11.084905660377359,1.3102725366876309,87.604821802935
API3,API3,408,82870034.7042,USD,0.1527989998610918,1.347409362411446,98.49979163772747,9.890262536463398,1.2316525443348614,88.87808491920174
AURORA,Aurora,409,81500744.39291,USD,,,,,,
MOODENG,Moo Deng,410,81513287.31314662,USD,,,,,,
USDP,Pax Dollar,411,81299651.54204437,USD,86.51062317647938,7.200568564374953,6.288808259145657,85.9514101892721,5.938131218672852,8.110458592055062
CAT,Simon's Cat,412,80148286.56229222,USD,,,,,,
OMI,ECOMI,413,81955231.8723445,USD,,,,,,
MTL,Metal DAO,414,79680310.1073,USD,,,,,,
PROM,Prom,415,79276175,USD,,,,,,
ARK,Ark,416,79250292.34688,USD,,,,,,
COOKIE,Cookie DAO,417,81815766.8328,USD,,,,,,
ALI,Artificial Liquid Intelligence,418,87148019.366008,USD,,,,,,
GME,GameStop,419,80758260.9885051,USD,,,,,,
OX,OX Coin,420,78870662.69856,USD,,,,,,
WIN,WINkLink,421,77881383.2182004,USD,,,,,,
SCRT,Secret,422,77958689.38441306,USD,,,,,,
BADGER,Badger DAO,423,75841567.05104783,USD,11.127106741573034,1.8504213483146066,87.02247191011236,15.540730337078651,1.4712078651685394,82.9880617977528
ZRC,Zircuit,424,80474735.652096,USD,,,,,,
MAGIC,Treasure,425,75199195.75833738,USD,,,,,,
ACA,Acala Token,426,74545332.90735999,USD,,,,,,
LUMIA,Lumia,427,74471822.09061797,USD,,,,,,
VELO,Velodrome Finance,428,74271424.5476617,USD,,,,,,
PONKE,Ponke,429,74859584.4535,USD,,,,,,
SDEX,SmarDex,430,74297332.9331374,USD,,,,,,
MOVR,Moonriver,431,74466919.43640001,USD,,,,,,
NMT,NetMind Token,432,73991860.096,USD,,,,,,
CTK,Shentu,433,72457889.41341999,USD,,,,,,
BONE,Bone ShibaSwap,434,74223856.04807818,USD,19.95155178736124,0.18779238385207736,79.86065582878669,24.88193526163146,0.27668818685897795,74.84137655150957
REQ,Request,435,71260216.0022071,USD,40.99607635462051,1.6248224731001613,57.37910117227932,41.140505018896086,1.473172375610813,57.3863226054931
ALPH,Alephium,436,73061408.84312904,USD,,,,,,
ARDR,Ardor,437,71722824.78985535,USD,,,,,,
SYN,Synapse,438,72300959.67459193,USD,1.881467544684854,1.5858083590915202,96.53272409622362,8.291896250503966,1.2767101196075796,90.43139362988846
BNX,BinaryX,439,71409960.6455266,USD,,,,,,
PORTAL,Portal,440,70127663.97615305,USD,,,,,,
RIO,Realio Network,441,71030645.5632819,USD,,,,,,
HIGH,Highstreet,442,70335389.61029895,USD,,,,,,
ZBCN,Zebec Network,443,67578832.73125532,USD,,,,,,
COREUM,Coreum,444,72664130.34432,USD,,,,,,
BEL,Bella Protocol,445,70308000,USD,34.75382705833678,6.702523789822093,58.54364915184112,35.829540752999584,5.17170045510964,58.99875879189077
ZEREBRO,Zerebro,446,65652233.759870075,USD,,,,,,
DEGEN,Degen,447,67466579.04628201,USD,,,,,,
BNT,Bancor,448,68920919.1585621,USD,16.12734864300626,1.975057685968575,81.89759367102516,22.692561257004726,1.5053290847159653,75.80210965827932
H2O,H2O DAO,449,67116225,USD,,,,,,
USTC,TerraClassicUSD,450,67798247.72479735,USD,,,,,,
NTRN,Neutron,451,66939867.77863549,USD,,,,,,
TON,Tokamak Network,452,67564064.7594,USD,,,,,,
CBK,Cobak Token,453,65524932.68041,USD,,,,,,
AUCTION,Bounce Token,454,65408451.5469,USD,,,,,,
CYBER,Cyber,455,64249248.3877,USD,,,,,,
DODO,DODO,456,64948277.57911195,USD,0,0.20229265003371544,99.79770734996627,7.363452461227242,0.24275118004045854,92.39379635873229
SOLV,Solv Protocol,457,64109106.6,USD,,,,,,
MOBILE,Helium Mobile,458,62748662.4,USD,,,,,,
HIFI,Hifi Finance,459,63973594.60556488,USD,,,,,,
CLV,CLV,460,62624601.645782,USD,,,,,,
QKC,QuarkChain,461,63079025.7124385,USD,33.671833244254415,4.660609299839658,61.66755745590593,34.90112239444147,3.8802779262426506,61.21859967931588
SWARMS,Swarms,462,62601050.32766,USD,,,,,,
SPA,Sperax,463,63737512.54618993,USD,,,,,,
DUSK,Dusk,464,62344874.91129318,USD,44.12886816447647,27.62823230182281,28.242899533700722,45.65493853327681,27.373887240356083,26.971174226367108
RIF,Rootstock Infrastructure Framework,465,61925000,USD,,,,,,
TRU,TrueFi,466,62102810.96003013,USD,8.09104502409038,3.289582987207177,88.61937198870244,12.086725369662735,2.824389433460708,85.08888519687656
ARPA,ARPA,467,61066107.04280966,USD,,,,,,
DAR,Mines of Dalarnia,468,60432428.563034,USD,,,,,,
WOLF,Landwolf 0x67,469,68322343.6440198,USD,,,,,,
MBX,MARBLEX,470,60919918.134460226,USD,,,,,,
SWEAT,Sweat Economy,471,60880655.34973254,USD,,,,,,
LOOM,Loom Network,472,61947177.53533935,USD,35.8576125155878,3.185579866228319,60.95680761818388,38.38567055889355,2.4260287949212107,59.18830064618524
FX,Function X,473,62495444.213860005,USD,,,,,,
AITECH,Solidus Ai Tech,474,59916067.947708,USD,,,,,,
HFT,Hashflow,475,61354922.88155686,USD,,,,,,
NCT,PolySwarm,476,59449839.65646,USD,,,,,,
CXT,Covalent X Token,477,59602622.940000005,USD,,,,,,
STG,Stargate Finance,478,59327616.12372341,USD,0.10081982436125335,1.355761322331591,98.54341885330714,4.207901090445995,1.3053514101509645,94.48674749940305
RARE,SuperRare,479,59702344.79380113,USD,6.415747744463683,2.1142805066982593,91.46997174883805,15.292080561377928,1.4945775995625628,83.21334183905951
NAKA,Nakamoto Games,480,57828741.78847506,USD,,,,,,
SEND,Suilend,481,59009713.659200005,USD,,,,,,
SYS,Syscoin,482,58859672.30536682,USD,,,,,,
STMX,StormX,483,58309353.17164834,USD,55.89320436755247,0.3589769157899985,43.74781871665753,58.17669641521663,0.3365408585531236,41.48676272623024
SPEC,Spectral,484,59169203.91500001,USD,,,,,,
BUZZ,Hive AI,485,59382110.6324,USD,,,,,,
AVA,AVA,486,57565658.63362,USD,,,,,,
TORN,Tornado Cash,487,58645494.41541888,USD,28.691619027073674,6.601229640815447,64.70715133211088,31.93830223276885,5.554956315392083,62.50674145183906
GUSD,Gemini Dollar,488,57765837.94473,USD,33.16155501075699,50.42277480362235,16.415670185620655,33.847000550357734,47.82108370440786,18.331915745234404
DIA,DIA,489,57997433.52048,USD,12.718898212331267,1.5596497628602701,85.72145202480847,20.147756293323603,1.4273987595767967,78.4248449470996
LIT,Litentry,490,57409898.62989,USD,,,,,,
SLERF,SLERF,491,58134738.3925,USD,,,,,,
TKO,Toko Token,492,57333370.987210624,USD,,,,,,
NFP,NFPrompt,493,57526543.97692731,USD,,,,,,
WNXM,Wrapped NXM,494,58524385.115329415,USD,63.10120240480962,5.661322645290581,31.237474949899802,58.692384769539075,4.509018036072145,36.798597194388776
MPL,Maple,495,59421906.1552999,USD,20.255253603256683,3.1356584882825396,76.60908790846078,25.41533722081637,2.629552205963252,71.95511057322037
OGN,Origin Protocol,496,56159946.932459995,USD,4.443715129635708,1.3193304890055793,94.23695438135871,7.535280603872661,1.1989935455639427,91.2657258505634
EUL,Euler,497,56979065.10780291,USD,11.41025641025641,13.247863247863249,75.34188034188034,24.23076923076923,10.085470085470085,65.68376068376068
DAO,DAO Maker,498,56963496.43545645,USD,,,,,,
XPLA,Xpla,499,58288310.48183867,USD,,,,,,
AZERO,Aleph Zero,500,54249499.68585,USD,,,,,,
RSS3,RSS3,501,55262176.5302,USD,,,,,,
HIPPO,sudeng,502,55723000,USD,,,,,,
PHB,Phoenix,503,54532740.39736,USD,,,,,,
PRQ,PARSIQ,504,56742879.32008,USD,,,,,,
SHDW,Shadow Token,505,51568447.34816012,USD,,,,,,
CATI,Catizen,506,53923476,USD,,,,,,
A8,Ancient8,507,53888959.69803599,USD,,,,,,
MERL,Merlin Chain,508,52622325,USD,,,,,,
QI,BENQI,509,51922714.349652596,USD,23.193363550842385,4.233301975540922,72.5733344736167,25.932894324239577,2.699620855782662,71.36748481997776
STRK,Strike,510,51858858.96683843,USD,,,,,,
MBL,MovieBloc,511,50826571.7548662,USD,36.068916725623204,9.442756669024927,54.488326605351865,36.9678305380998,8.398185525822964,54.633983936077236
FORTH,Ampleforth Governance Token,512,50938263.8663953,USD,7.3277310924369745,16.462184873949578,76.21008403361344,13.991596638655462,14.466386554621849,71.54201680672269
RAD,Radworks,513,50785319.13905757,USD,0.8486976880304361,0.9657594381035997,98.18554287386596,6.087211003804507,0.585308750365818,93.32748024582968
NKN,NKN,514,50910193.10089869,USD,24.591091742600035,30.465787537495046,44.94312071990492,25.728677344501673,30.177146414624485,44.09417624087384
ALICE,MyNeighborAlice,515,50647047.21808,USD,0.7509242144177449,2.05637707948244,97.1926987060998,4.066543438077634,1.929297597042514,94.00415896487985
MAV,Maverick Protocol,516,50034386.646438,USD,,,,,,
PIPPIN,pippin,517,49027816.292084,USD,,,,,,
META,Metadium,518,49290511.09576,USD,,,,,,
LMWR,LimeWire,519,48874558.594219945,USD,,,,,,
BFC,Bifrost,520,48022066.74844801,USD,,,,,,
RACA,RACA,521,48775319.971768826,USD,,,,,,
THE,Thena,522,49012430.02269788,USD,,,,,,
COQ,Coq Inu,523,48512778.599999994,USD,,,,,,
PUFFER,Puffer,524,47730175.749180004,USD,,,,,,
MODE,Mode,525,48562500.174825005,USD,,,,,,
LEVER,LeverFi,526,47492149.58244498,USD,,,,,,
MYRIA,Myria,527,47555151.4697112,USD,,,,,,
ACE,Fusionist,528,47259877.490040004,USD,,,,,,
PNG,Pangolin,529,47544380.96612,USD,14.799171616981852,2.1390811488364485,83.06174723418171,17.08539974930514,1.6649408687121912,81.24965938198267
LYX,LUKSO,530,46097004.588264,USD,,,,,,
DOGE,Department Of Government Efficiency,531,55546254.85609854,USD,,,,,,
MC,Merit Circle,532,46704764.769999996,USD,,,,,,
HOOK,Hooked Protocol,533,46948148.23991122,USD,,,,,,
ATA,Automata Network,534,46331212.31361857,USD,,,,,,
DEP,DEAPcoin,535,45887458.08683395,USD,,,,,,
GODS,Gods Unchained,536,45993062.698735386,USD,0.3179547076763351,0,99.68204529232366,7.71526831484005,0.12328856011939525,92.16144312504055
RARI,RARI,537,45596208.9975941,USD,6.174847019555822,3.406221917925457,90.41893106251872,14.763147759852796,2.627412383927425,82.60943985621978
TLOS,Telos,538,45808721.1373106,USD,,,,,,
ALPHA,Stella,539,45636345,USD,0.07849293563579278,0.5200156985871272,99.40149136577709,6.701334379905808,0.4513343799058085,92.84733124018838
F,SynFutures,540,45477319.15116,USD,,,,,,
X,X empire,541,44404950,USD,,,,,,
UQC,Uquid Coin,542,44887000,USD,83.59636537541846,6.312769010043041,10.090865614538497,83.33333333333334,6.169296987087518,10.49736967957915
MBOX,MOBOX,543,44904040.919599995,USD,,,,,,
ELA,Elastos,544,46068835.2075,USD,,,,,,
GEAR,Gearbox Protocol,545,44444000,USD,,,,,,
ICE,Ice Open Network,546,44221978.967099704,USD,,,,,,
GNS,Gains Network,547,44548039.17925642,USD,,,,,,
UTK,xMoney,548,43704944.952295,USD,27.734233065144043,0.5969374513366208,71.66882948351933,29.561380742278743,0.560602128211783,69.87801712950947
ETN,Electroneum,549,43770067.97654087,USD,0,0,100,0,0,100
AQT,Alpha Quark Token,550,44278482.811799996,USD,,,,,,
LAT,PlatON,551,43996197.83213227,USD,,,,,,
FCT2,FirmaChain,552,41117280.77002226,USD,,,,,,
CTXC,Cortex,553,42642144.8010675,USD,38.295183943237596,0.2867279000826165,61.41808815667979,38.38266025173738,0.23812995091607136,61.379209797346554
NYM,NYM,554,42794808.79646263,USD,,,,,,
BAKE,BakeryToken,555,42712173.438050486,USD,,,,,,
TLM,Alien Worlds,556,42630325.468328096,USD,0.2518045996306866,0,99.74819540036931,1.7458452241060938,0.08393486654356219,98.17021990935034
MAPO,MAP Protocol,557,42555305.71382336,USD,,,,,,
ZCX,Unizen,558,42719031.51008278,USD,,,,,,
AERGO,Aergo,559,42022229.621703476,USD,59.61827149903496,0.5146901136607335,39.86703838730431,59.16791764958182,0.47179927085567236,40.360283079562514
RDNT,Radiant Capital,560,41648949.376248,USD,0.0012033694344163659,0.06257521058965103,99.93622141997594,3.3598074608904933,0.03850782190132371,96.60168471720819
MONKY,Wise Monkey,561,38527100,USD,,,,,,
SD,Stader,562,42054226.78461446,USD,,,,,,
TT,ThunderCore,563,41151254.778250396,USD,,,,,,
TNSR,Tensor,564,41033750,USD,,,,,,
PRCL,Parcl,565,40967041.71063,USD,,,,,,
KUJI,Kujira,566,38285701.44998,USD,,,,,,
CHILLGUY,Just a chill guy,567,38629343.879031874,USD,,,,,,
SHIRO,Shiro Neko,568,40810000,USD,,,,,,
DEGO,Dego Finance,569,39187097.93635331,USD,,,,,,
FORT,Forta,570,39410621.2783,USD,,,,,,
ORDER,Orderly Network,571,40697871.76209,USD,,,,,,
NAVX,NAVI Protocol,572,38497375.32430007,USD,,,,,,
AVA,AVA (Travala),573,38586958.1711276,USD,,,,,,
VR,Victoria VR,574,37301969.97621476,USD,,,,,,
GRS,Groestlcoin,575,37672713.72219524,USD,,,,,,
REZ,Renzo,576,38324556.671883784,USD,,,,,,
GTC,Gitcoin,577,38915636.62195783,USD,,,,,,
GFI,Goldfinch,578,39577372.77408,USD,,,,,,
DNT,district0x,579,38900000,USD,20.87224269345313,4.020493665135531,75.10726364141134,30.048962697491294,3.339054060875271,66.61198324163344
EURT,Tether EURt,580,37009563.544512995,USD,,,,,,
LISTA,Lista DAO,581,37072363.58108132,USD,,,,,,
WOJAK,Wojak,582,37648594.01848565,USD,25.901857442562555,4.809906360333623,69.28823619710383,30.399631581640485,4.00143273806478,65.59893568029473
RETARDIO,RETARDIO,583,36419856.97992,USD,,,,,,
REI,REI Network,584,36903700,USD,,,,,,
SUNDOG,SUNDOG,585,37540916.768628,USD,,,,,,
ATR,Artrade,586,36342485.08781933,USD,,,,,,
BAN,Comedian,587,36481608.501897,USD,,,,,,
BOUNTY,BOUNTY,588,36468726.178316996,USD,,,,,,
ATLAS,Star Atlas,589,35828267.24554529,USD,,,,,,
MOC,Moss Coin,590,37062970.514384,USD,,,,,,
MLN,Enzyme,591,35918960.20520064,USD,14.712389380530974,1.7146017699115044,83.57300884955751,20.271017699115042,1.3689159292035398,78.36006637168141
CUSD,Celo Dollar,592,35507589.662399165,USD,,,,,,
LADYS,Milady Meme Coin,593,35153367.166096576,USD,,,,,,
VENOM,Venom,594,35374631.207169995,USD,,,,,,
DBR,DeBridge,595,35200718.792772,USD,,,,,,
WEN,Wen,596,35087600.52527907,USD,,,,,,
LTO,LTO Network,597,34858313.2314315,USD,,,,,,
GST,Green Satoshi Token (SOL),598,34201745.873010345,USD,,,,,,
OMG,OMG Network,599,35019275.941809654,USD,0.17351547011020954,0.18767682237929392,99.6388077075105,3.5292891001160918,0.18051833661689964,96.29019256326701
NS,Sui Name Service,600,34306095.45628715,USD,,,,,,
CCD,Concordium,601,33648667.91444433,USD,,,,,,
ERN,Ethernity Chain,602,34210060.166150056,USD,,,,,,
PERP,Perpetual Protocol,603,33719181.942616,USD,2.949186833709439,2.8480273908645244,94.20278577542604,12.294763053458874,2.5990195315539646,85.10621741498716
NGL,Entangle,604,32685349.696623,USD,,,,,,
SN,SpaceN,605,32828205,USD,,,,,,
GHX,GamerCoin,606,32048480.302425858,USD,11.359370810617571,1.2780409330592546,87.36258825632316,14.791312896594869,1.1350433461435339,84.07364375726159
FUN,FUNToken,607,32771408.378220953,USD,,,,,,
UOS,Ultra,608,32345564.060536336,USD,1.3413524314485816,4.566137775491631,94.09250979305979,5.571162901119772,4.0517548371780165,90.37708226170221
POKT,Pocket Network,609,31991834.282265,USD,,,,,,
QRL,Quantum Resistant Ledger,610,31404636.2042,USD,,,,,,
POLS,Polkastarter,611,32741162.732838806,USD,,,,,,
MOODENG,MOO DENG,612,32735387.84796296,USD,,,,,,
IDEX,IDEX,613,31662450.90609144,USD,26.285750929844813,1.9109914069513914,71.8032576632038,28.299345902270108,1.8340387328459666,69.86661536488393
ALCX,Alchemix,614,31848072.59899393,USD,1.3741747274681406,1.7887302318440041,96.83709504068786,6.725011515430677,1.527713803162905,91.74727468140642
GEL,Gelato,615,31931447.681103457,USD,0.08665511265164644,1.0109763142692085,98.90236857307914,9.7631426920855,0.7510109763142693,89.48584633160023
APX,APX,616,31340214.12021478,USD,,,,,,
BRISE,Bitgert,617,31275733.29,USD,,,,,,
ORN,Orion,618,31790163.405,USD,2.032721864154685,0,97.96727813584532,9.32077342588002,0.44620723847297966,90.233019335647
ARRR,Pirate Chain,619,31798408.099107336,USD,,,,,,
KARRAT,KARRAT,620,31558679.62472,USD,,,,,,
TOKEN,TokenFi,621,30813609.758457,USD,,,,,,
TRUMP,MAGA,622,32239943.28889,USD,,,,,,
VADER,VaderAI by Virtuals,623,32665147.320036,USD,,,,,,
GHST,Aavegotchi,624,30885420.04487352,USD,3.0290398777268304,3.5431429762401003,93.42781714603306,9.378907878282618,2.3204112824788106,88.30068083923858
BGSC,BugsCoin,625,30610710.000000004,USD,,,,,,
MOB,MobileCoin,626,30367062.21462,USD,,,,,,
AHT,AhaToken,627,30162673.71114091,USD,,,,,,
BOBO,BOBO,628,31340451.815795127,USD,,,,,,
EWT,Energy Web Token,629,30806175.9155,USD,,,,,,
XION,XION,630,29692277.1461,USD,,,,,,
SBD,Steem Dollars,631,30032396.935085997,USD,,,,,,
ALCH,Alchemist AI,632,29549400.000000004,USD,,,,,,
LOCUS,Locus Chain,633,30085924.71668247,USD,,,,,,
SWELL,Swell Network,634,29337901.890650794,USD,,,,,,
POLIS,Star Atlas DAO,635,29257804.525114533,USD,,,,,,
DEXT,DEXTools,636,29628808.533383194,USD,,,,,,
AMPL,Ampleforth,637,28902187.357920002,USD,45.904225518237844,12.493733966325598,41.602040515436556,37.94857429304396,7.735971456373663,54.31545425058238
ZKL,zkLink,638,29643784.53841,USD,,,,,,
BOBA,Boba Network,639,29239620.3819882,USD,8.671386922115785,3.431903373594335,87.89670970428988,10.295710120783006,3.206997084548105,86.4972927946689
DIMO,DIMO,640,28523057.34297241,USD,,,,,,
WAN,Wanchain,641,28896082.908812463,USD,95.78013707834968,0,4.219862921650316,95.8204542400215,0,4.179545759978497
VRTX,Vertex Protocol,642,28618851.847514726,USD,,,,,,
ALEX,ALEX Lab,643,28431638.957946695,USD,,,,,,
NULS,NULS,644,28743289.44515971,USD,4.618473895582329,0.5220883534136547,94.85943775100402,16.546184738955823,0.4417670682730923,83.01204819277108
HAI,Hacken Token,645,28793790.340272002,USD,,,,,,
SIGMA,SIGMA,646,28347049.588180702,USD,,,,,,
REKT,Rekt,647,28746555.740488157,USD,,,,,,
NUM,Numbers Protocol,648,28277989.334652003,USD,,,,,,
VIC,Viction,649,27667451.34042,USD,,,,,,
VRA,Verasity,650,28049417.8045692,USD,66.16915422885572,0.7654037504783774,33.065442020665905,66.33499170812604,0.7271335629544585,32.9378747289195
GRND,SuperWalk,651,29626006.5875562,USD,,,,,,
FLM,Flamingo,652,27561242.296179965,USD,,,,,,
FIS,StaFi,653,27267897.929289997,USD,,,,,,
KMD,Komodo,654,27245156.7504,USD,,,,,,
DATA,Streamr,655,27175357.969812,USD,,,,,,
WXT,Wirex Token,656,26774000,USD,,,,,,
SIDUS,SIDUS,657,27062718.99598116,USD,,,,,,
CORE,cVault.finance,658,26603600,USD,4.463243873978996,1.633605600933489,93.90315052508753,26.079346557759624,1.3127187864644108,72.60793465577596
MDT,Measurable Data Token,659,26539838.8976375,USD,68.18098012463587,0.6047420627604262,31.214277812603708,68.67141118772815,0.5678675467384491,30.76072126553339
XPRT,Persistence One,660,26274252.921676002,USD,,,,,,
MICHI,michi (SOL),661,25833157.37257074,USD,,,,,,
COS,Contentos,662,26427374.978902202,USD,56.13950108985226,1.8890772584160813,41.97142165173165,57.713732138532336,1.7679825623637686,40.5182852991039
TARA,Taraxa,663,26424981.157259997,USD,,,,,,
QUACK,RichQUACK.com,664,24915621.87369992,USD,,,,,,
OL,Open Loot,665,24813201.068807893,USD,,,,,,
TPT,TokenPocket,666,25555417.24428,USD,,,,,,
ROOT,The Root Network,667,26219281.37283,USD,,,,,,
BETA,Beta Finance,668,25581637.867457,USD,,,,,,
TET,Tectum,669,25037556.144098997,USD,,,,,,
SLND,Solend,670,24861674.783600736,USD,,,,,,
DADDY,Daddy Tate,671,24201711.036934517,USD,,,,,,
NPT,Neopin,672,24496411.514650002,USD,,,,,,
DIONE,Dione Protocol,673,24297317.497384004,USD,,,,,,
SUKU,Suku,674,24999790.32043828,USD,,,,,,
AIDOGE,ArbDoge AI,675,23729491.100991383,USD,,,,,,
WHY,WHY,676,23965620,USD,,,,,,
BOSON,Boson Protocol,677,24423948.11326431,USD,,,,,,
EVER,Everscale,678,23927543.481581997,USD,,,,,,
MATH,MATH,679,23732334.7232212,USD,,,,,,
MASA,Masa,680,23921614.072403997,USD,,,,,,
KIN,Kin,681,23549380.899499796,USD,,,,,,
OORT,OORT,682,23547533.632822778,USD,,,,,,
BSW,Biswap,683,23554043.82954,USD,,,,,,
LOKA,League of Kingdoms Arena,684,23555215.26706308,USD,,,,,,
FARM,Harvest Finance,685,23390639.717910975,USD,5.430948419301164,1.6106489184692179,92.95840266222962,10.722129783693845,1.3444259567387686,87.93344425956738
KLV,Klever,686,23338690.908688866,USD,,,,,,
CHESS,Tranchess,687,23350052.1135,USD,,,,,,
NXRA,Nexera,688,22982680.596526008,USD,,,,,,
VOXEL,Voxies,689,23363034.917609658,USD,,,,,,
HTR,Hathor,690,21969686.91394078,USD,,,,,,
KEKIUS,Kekius Maximus,691,22720000,USD,,,,,,
KISHU,Kishu Inu,692,22533347.337487143,USD,,,,,,
LOOKS,LooksRare,693,22731674.052309,USD,0,0.020977554017201593,99.9790224459828,9.765750646807914,0.04335361163554996,90.19089574155653
LUNA,Luna by Virtuals,694,22135000,USD,,,,,,
ALEPH,Aleph.im,695,22763567.554930136,USD,,,,,,
MYRO,Myro,696,21840378.444764998,USD,,,,,,
RBN,Ribbon Finance,697,21864425.127996054,USD,8.068980200127742,4.449648711943794,87.48137108792847,17.45795188418139,3.2999787098147757,79.24206940600384
MNGO,Mango,698,21678873.648497242,USD,,,,,,
ELIZA,Eliza (elizawakesup),699,23467872.294450153,USD,,,,,,
GAFI,GameFi.org,700,22295093.7033636,USD,,,,,,
GFAL,Games for a living,701,21650481.488506753,USD,,,,,,
HOPR,HOPR,702,21278328.369184,USD,,,,,,
ASD,ASD,703,21246708.442388,USD,,,,,,
CLANKER,tokenbot,704,22765000,USD,,,,,,
REN,Ren,705,21237771.36865083,USD,0.4515933425886033,0.08297828203041474,99.46542837538098,7.429747714107904,0.057446502944133275,92.51280578294796
KOMA,Koma Inu,706,20915609.508764576,USD,,,,,,
ADX,AdEx,707,20581296.327472642,USD,9.123635954550569,2.1599730003374957,88.71639104511193,14.478569017887278,1.7887276409044885,83.73270334120824
SIX,SIX,708,20690402.158603564,USD,,,,,,
CEEK,CEEK VR,709,20001138.15198957,USD,82.18010299017699,0.056255138690553465,17.76364187113246,82.69505387511359,0.06058245705136527,17.244363667835042
PROPC,Propchain,710,20666898.79502676,USD,,,,,,
HEGIC,Hegic,711,21031595.558067184,USD,44.951229564500615,4.107707102623987,50.941063332875395,49.86948756697348,3.8192059348811647,46.31130649814535
BLUE,Bluefin,712,20260787.78286,USD,,,,,,
LINA,Linear Finance,713,20288821.279586963,USD,,,,,,
BLZ,Bluzelle,714,19781433.454685993,USD,3.7889705107026113,0.6853889142736636,95.52564057502373,7.679870654810024,0.5342518716389583,91.78587747355101
SHPING,SHPING,715,20002564.935608,USD,,,,,,
LEASH,Doge Killer,716,20262646.052475877,USD,10.790644281819487,0.12914334911752046,89.08021236906299,19.6405510116229,0.21882623044913188,80.14062275792797
NEIRO,Neiro Ethereum,717,19589000,USD,,,,,,
QUICK,Quickswap[New],718,19882833.81040042,USD,,,,,,
GROK,GROK,719,19915964.03935912,USD,,,,,,
SLF,Self Chain,720,19799640,USD,,,,,,
FIO,FIO Protocol,721,19342946.71943561,USD,,,,,,
OPUL,Opulous,722,19209495.321996022,USD,,,,,,
BIFI,Beefy,723,19219200,USD,,,,,,
PORK,PepeFork,724,18508904.559462916,USD,,,,,,
COMBO,COMBO,725,19025526.56196,USD,,,,,,
FIRO,Firo,726,18753606.53075827,USD,,,,,,
GEMS,Gems,727,18832362.019093,USD,,,,,,
PROS,Prosper,728,18374160.31065,USD,,,,,,
FOX,Shapeshift FOX Token,729,18693268.885367997,USD,,,,,,
MANEKI,MANEKI,730,18376624.9558536,USD,,,,,,
CHEQ,cheqd,731,18293697.921494998,USD,,,,,,
GOG,Guild of Guardians,732,18075543.382249057,USD,,,,,,
SUSD,sUSD,733,17909714.163418297,USD,50.2292471042471,4.765926640926641,45.004826254826256,64.57528957528957,3.2456563706563704,32.17905405405405
PIVX,PIVX,734,18036902.583905935,USD,,,,,,
WING,Wing Finance,735,17916857.9566292,USD,,,,,,
VVAIFU,Dasha,736,17111381.953738194,USD,,,,,,
UFT,UniLend,737,17550113.394791003,USD,1.9202898550724639,1.8659420289855073,96.21376811594203,10.380434782608695,1.7934782608695652,87.82608695652175
SANTOS,Santos FC Fan Token,738,17643648.701917257,USD,,,,,,
QTCON,Quiztok,739,17077793.578317393,USD,,,,,,
SAMO,Samoyedcoin,740,16988121.026108403,USD,,,,,,
DLC,Diamond Launch,741,16611381.67952,USD,,,,,,
VIDT,VIDT DAO,742,16578560.209666,USD,,,,,,
PROPS,Propbase,743,15811345.097459411,USD,,,,,,
BURGER,BurgerCities,744,16435304.282432105,USD,,,,,,
VLX,Velas,745,16372205.764814515,USD,,,,,,
MAJOR,Major,746,16288231.20456,USD,,,,,,
PSG,Paris Saint-Germain Fan Token,747,16295172.705,USD,,,,,,
ALPACA,Alpaca Finance,748,16147385.540360533,USD,,,,,,
CREAM,Cream Finance,749,16019718.581099998,USD,0.3658397164742197,0.6287870126900652,99.00537327083572,8.219961129530125,0.37727220761403907,91.40276666285584
KRL,Kryll,750,15979129.338171849,USD,63.90592309357189,5.18721592958661,30.9068609768415,64.59129932905275,4.949137868840632,30.459562802106632
PSP,ParaSwap,751,16627884.60888,USD,6.787521079258011,1.981450252951096,91.2310286677909,8.895446880269814,1.3069139966273187,89.79763912310287
BZZ,Swarm,752,15176868.69075987,USD,,,,,,
PDA,PlayDapp,753,15549984.86643,USD,,,,,,
SWAP,TrustSwap,754,14978275.61556,USD,3.6878460923674146,3.293943026773991,93.0182108808586,20.106182565507794,2.523263115830336,77.37055431866186
VXV,Vectorspace AI,755,15861532.280517912,USD,,,,,,
HARD,Kava Lend,756,15340639.73508,USD,,,,,,
OG,OG Fan Token,757,15167538.3946,USD,,,,,,
PNK,Kleros,758,15248255.209918264,USD,,,,,,
OBSR,Observer,759,15271977.134109698,USD,,,,,,
MEMEFI,MemeFi,760,14926000,USD,,,,,,
VINU,Vita Inu,761,14783982.72855922,USD,,,,,,
WNCG,Nine Chronicles,762,14408145.825252842,USD,,,,,,
DMTR,Dimitra,763,14506551.866367854,USD,,,,,,
TROY,TROY,764,14886000,USD,,,,,,
SQGROW,Squid Grow,765,14741000,USD,,,,,,
AMB,AirDAO,766,14766767.75266,USD,,,,,,
VOLT,Volt Inu,767,14837830.175606119,USD,,,,,,
BAR,FC Barcelona Fan Token,768,14558328.4146,USD,,,,,,
VAI,VAIOT,769,14525558.908595,USD,,,,,,
MUMU,Mumu the Bull,770,14198106.667021222,USD,,,,,,
SOV,Sovryn,771,13942215.911304025,USD,,,,,,
NIM,Nimiq,772,13618297.837437958,USD,,,,,,
AST,AirSwap,773,13692455.867806962,USD,15.065420560747663,1.4728971962616821,83.46168224299065,19.439252336448597,1.2934579439252336,79.26728971962616
DEAI,Zero1 Labs,774,13396751.89384,USD,,,,,,
GYEN,GYEN,775,13358740.002045,USD,,,,,,
MAVIA,Heroes of Mavia,776,13436875.2991,USD,,,,,,
VIB,Viberate,777,13314467.129999999,USD,2.2551230512795373,1.156976174134719,96.58790077458575,5.157368369447985,1.0197078144916167,93.8229238160604
CGO,Comtech Gold,778,12748938,USD,,,,,,
GAL,Galxe,779,15060401.863686804,USD,,,,,,
TIME,Chrono.tech,780,12653503.547,USD,,,,,,
REEF,Reef,781,11458176.811322441,USD,,,,,,
PLU,Pluton,782,13040015.487586997,USD,5.023575295418825,2.497234996216311,92.47918970836486,7.806042260899935,1.7346760579777636,90.4592816811223
CRTS,Cratos,783,12297311.367272802,USD,,,,,,
DBC,DeepBrain Chain,784,11854117.344866501,USD,,,,,,
LAZIO,S.S. Lazio Fan Token,785,11973547.42558563,USD,,,,,,
DNX,Dynex,786,11930238.45820602,USD,,,,,,
MOTHER,Mother Iggy,787,12290400.74648096,USD,,,,,,
STC,SaitaChain Coin,788,11748793.945910586,USD,,,,,,
NTX,NuNet,789,11601004.48031,USD,,,,,,
DFI,DeFiChain,790,11353977.203207333,USD,,,,,,
PORTO,FC Porto Fan Token,791,11420658.222471666,USD,,,,,,
ROUTE,Router Protocol,792,11671546.615784,USD,,,,,,
ALPINE,Alpine F1 Team Fan Token,793,11212433.600000001,USD,,,,,,
MNW,Morpheus.Network,794,12240382.795527073,USD,,,,,,
CWEB,Coinweb,795,11139000.699753234,USD,,,,,,
DVI,Dvision Network,796,11264103.26272,USD,,,,,,
BLOK,Bloktopia,797,11034710.70651729,USD,,,,,,
PIT,Pitbull,798,10612337.415128786,USD,,,,,,
USDJ,USDJ,799,10955864.337122845,USD,,,,,,
FLOCK,Flock.io,800,10975492.690642199,USD,,,,,,
UFO,UFO Gaming,801,11163333.333333222,USD,,,,,,
YFII,DFI.Money,802,10971298.959999999,USD,3.239139603542809,0.3374103753690426,96.42345002108816,11.311682834247152,0.3205398566005905,88.36777730915225
SDAO,SingularityDAO,803,11149953.8707352,USD,,,,,,
WAGMIGAMES,WAGMI Games,804,11288944.969049018,USD,,,,,,
CITY,Manchester City Fan Token,805,10712570.625899998,USD,,,,,,
TAOCAT,TAOCat by Virtuals & Masa,806,11257300,USD,,,,,,
TRIAS,Trias Token (new),807,10502499.999999998,USD,,,,,,
HELLO,HELLO Labs,808,10536226.019108,USD,,,,,,
SOUL,Phantasma,809,10117150.255411198,USD,,,,,,
UNCX,UNCX Network,810,10482288.376272872,USD,,,,,,
KATA,Katana Inu,811,9822311.7934095,USD,,,,,,
BCD,Bitcoin Diamond,812,9676743.488985265,USD,,,,,,
ZERC,zkRace,813,9652320,USD,,,,,,
RLY,Rally,814,9752687.530009834,USD,0.20078354554358474,0.6562193927522038,99.14299706170421,3.099902056807052,0.5729676787463271,96.32713026444662
OUSD,Origin Dollar,815,9484851.80743409,USD,,,,,,
MXC,Moonchain,816,9481415.323239999,USD,,,,,,
ATM,Atletico De Madrid Fan Token,817,9234901.926,USD,,,,,,
ASR,AS Roma Fan Token,818,9184679.8246,USD,,,,,,
WRX,WazirX,819,9124088.107739009,USD,,,,,,
SPS,Splintershards,820,8909416.19633226,USD,,,,,,
AURY,Aurory,821,8964818.034712,USD,,,,,,
MUBI,Multibit,822,8977975,USD,,,,,,
VITE,VITE,823,8789018.088681404,USD,40.11343129672596,0.20623872131992002,59.68032998195412,48.749677751997936,0.20623872131992002,51.04408352668214
MCB,MUX Protocol,824,8688232.5405,USD,4.149715215622457,1.8714401952807163,93.97884458909682,17.331163547599672,1.1391375101708707,81.52969894222946
JUV,Juventus Fan Token,825,8620349.7324,USD,,,,,,
NWC,Newscrypto,826,8279866.69677573,USD,,,,,,
KP3R,Keep3rV1,827,8214438.96,USD,4.584004294149222,0.15029522275899088,95.26570048309179,12.206119162640903,0.13955984970477725,87.65432098765432
WRLD,NFT Worlds,828,8172664.562205,USD,,,,,,
OPEN,Open Custody Protocol,829,8416478.73039292,USD,,,,,,
LUCE,LUCE,830,8128199.9674872,USD,,,,,,
STOS,Stratos,831,8216085.0695,USD,,,,,,
JEWEL,DeFi Kingdoms,832,7936608.864517877,USD,,,,,,
GAL,Galatasaray Fan Token,833,7828917.096,USD,,,,,,
ACM,AC Milan Fan Token,834,7423798.130910001,USD,,,,,,
GXA,GALAXIA,835,7393367.0521567995,USD,,,,,,
DC,Dogechain,836,7591295.9976723185,USD,,,,,,
NEXA,Nexa,837,7352065.214000001,USD,,,,,,
MAGA,MAGA,838,7159689.70308064,USD,,,,,,
FITFI,Step App,839,7268184,USD,,,,,,
BUY,Buying.com,840,7148405.165310001,USD,,,,,,
PEPE20,Pepe 2.0,841,7299046.999999999,USD,,,,,,
MAN,Matrix AI Network,842,7141067.959409272,USD,,,,,,
KAI,KardiaChain,843,6988690,USD,,,,,,
IMGNAI,Image Generation AI,844,7162247.9635934,USD,,,,,,
KWENTA,Kwenta,845,6721540.263808,USD,,,,,,
KAN,BitKan,846,6870005.064246464,USD,96.84425538294323,0.024361448944024887,3.131383168112737,97.43267807282199,0.02061353372186721,2.54670839345614
SAITO,Saito,847,6929898.113229999,USD,,,,,,
XCHNG,Chainge,848,6758475.646896,USD,,,,,,
KAR,Karura,849,6899199.60576,USD,,,,,,
RVF,RocketX exchange,850,7151644.9985879995,USD,,,,,,
SDN,Shiden Network,851,6827220.388326052,USD,,,,,,
CULT,Cult DAO,852,6903859.0024487125,USD,,,,,,
TOMI,tomi,853,6624569.0045291595,USD,,,,,,
INTER,Inter Milan Fan Token,854,6561375.54688,USD,,,,,,
PUSH,Push Protocol,855,6716481.828224,USD,,,,,,
HNS,Handshake,856,6690346.593023999,USD,,,,,,
HERO,Metahero,857,6515799.074923,USD,97.08614095793115,0,2.91385904206884,97.17719905299582,0,2.8228009470041884
CEL,Celsius,858,6287942.503699999,USD,3.972616265674884,0.6549715301319817,95.37241220419314,10.779054076292665,0.5200276470394629,88.70091827666788
STARL,Starlink,859,6484865.15188324,USD,8.140668146624073,0.5143754399263631,91.34495641344957,10.357897016622449,0.4521089393036981,89.18999404407386
HYDRA,Hydra,860,6182054.7270166,USD,,,,,,
SRM,Serum,861,6110961.746165999,USD,,,,,,
RIF,Rifampicin,862,6140846.243979087,USD,,,,,,
MEV,MEVerse,863,6374946.136703236,USD,,,,,,
APM,apM Coin,864,6000563.9429440005,USD,,,,,,
BAD,Bad Idea AI,865,6382041.597697949,USD,,,,,,
XCAD,XCAD Network,866,6056530.40537082,USD,,,,,,
IZI,Izumi Finance,867,5945814.88,USD,,,,,,
URO,Urolithin A,868,6002059.605946887,USD,,,,,,
POOLX,Poolz Finance,869,5883693.321894,USD,,,,,,
CVP,PowerPool,870,5874082.53142407,USD,10.906456953642383,4.387417218543047,84.70612582781457,19.267384105960264,3.4147350993377485,77.31788079470199
CAPS,Ternoa,871,5768340.6847533,USD,,,,,,
FNCY,FNCY,872,5714154.882297898,USD,,,,,,
SOFI,RAI Finance,873,5720831.381258355,USD,,,,,,
BAX,BABB,874,5388082.514625,USD,50.18962432915921,0.6511627906976745,49.15921288014311,53.26654740608229,0.5867620751341681,46.14669051878354
KILT,KILT Protocol,875,5148095.9838,USD,,,,,,
IRIS,IRISnet,876,5282696.633247929,USD,,,,,,
CEUR,Celo Euro,877,4892080.795288967,USD,,,,,,
LLM,Large Language Model,878,4692187.612592,USD,,,,,,
FUSE,Fuse,879,4886001.643036079,USD,,,,,,
KEY,SelfKey,880,4816859.963443303,USD,2.9720101781170483,1.2722646310432568,95.7557251908397,6.788804071246819,1.1552162849872774,92.05597964376591
GZONE,GameZone,881,4678361.124645378,USD,,,,,,
SIS,Symbiosis,882,4604563.475872,USD,,,,,,
CQT,Covalent,883,4537731.879876254,USD,,,,,,
AKITA,Akita Inu,884,4763850.668487573,USD,5.9523043254376935,0.18666323377960864,93.8610324407827,7.537332646755922,0.18666323377960864,92.27600411946447
FEI,Fei USD,885,4538146.627460752,USD,18.144782199937325,26.23002193669696,55.62519586336572,27.89094327796929,14.03948605452836,58.06957066750235
CENNZ,CENNZnet,886,4636920,USD,60.03631228565665,0,39.96368771434335,66.95582005245107,0.0403469840629413,33.003832963485976
UNIBOT,Unibot,887,4193600,USD,1.4224369296833066,0.06709608158883522,98.51046698872786,8.709071390230811,0,91.29092860976918
BTM,BytomDAO,888,4451210.955529403,USD,2.1308146830013914,0,97.86918531699861,48.77375493349759,0,51.22624506650241
VAL,Validity,889,4005877.8658635155,USD,,,,,,
MTRG,Meter Governance,890,3871255.97082,USD,,,,,,
FRED,First Convicted RACCON,891,3800447.105587599,USD,,,,,,
GMM,Gamium,892,3665683.061690913,USD,,,,,,
CRU,Crust Network,893,3727492.3311599996,USD,,,,,,
BEER,BEERCOIN,894,3539913.2677963916,USD,,,,,,
TSUKA,Dejitaru Tsuka,895,3584100,USD,,,,,,
UNFI,Unifi Protocol DAO,896,3325030.9390661586,USD,0.11487650775416428,0,99.88512349224582,2.910204863105495,0.09573042312847023,96.99406471376604
CPH,Cypherium,897,3302150.161167,USD,,,,,,
BTS,BitShares,898,3142416.9519999996,USD,,,,,,
VGX,VGX Token,899,3213480.6467843573,USD,,,,,,
PRE,Presearch,900,3155614.2651385,USD,0.135393437400446,0.8840395030264415,98.9805670595731,2.453010512902198,0.7167887862376553,96.83020070086015
FRA,Findora,901,3232359.682148806,USD,,,,,,
OPTI,Optimus AI,902,3024201.828858,USD,,,,,,
DOME,Everdome,903,3071352.64689122,USD,,,,,,
BOND,BarnBridge,904,2984621.065022922,USD,0.019378593114139912,0.038757186228279825,99.94186422065758,3.391253794974485,0.045216717266326464,96.5635294877592
MDX,Mdex,905,2907090.4555713,USD,,,,,,
NEST,NEST Protocol,906,2804213.24400036,USD,51.663282836170545,0.12494143370295174,48.211775730126504,57.81664844604092,0.12494143370295174,42.05841012025613
RAI,Rai Reflex Index,907,2749232.6875053816,USD,30.896805896805894,29.914004914004916,39.189189189189186,34.64373464373464,21.345208845208845,44.01105651105651
ORC,Orbit Chain,908,2672564.973256141,USD,,,,,,
COT,Cosplay Token,909,2639998.0745087997,USD,,,,,,
REVV,REVV,910,2608812.098655,USD,,,,,,
FER,Ferro,911,2500113.8442209996,USD,,,,,,
LBC,LBRY Credits,912,2382797.360314621,USD,,,,,,
WOLF,LandWolf (SOL),913,2561329.8765827734,USD,,,,,,
ABBC,ABBC Coin,914,2372712.2199080805,USD,,,,,,
BSCPAD,BSCPAD,915,2345693.732673,USD,,,,,,
EPX,Ellipsis,916,2277911.3739374788,USD,,,,,,
SPH,Spheroid Universe,917,2268125.7588678,USD,,,,,,
BITCI,Bitcicoin,918,2180673.38118656,USD,,,,,,
PKF,Red Kite,919,2063999.7096485405,USD,,,,,,
BBF,Bubblefong,920,2050922.211989,USD,,,,,,
BRICK,r/FortNiteBR Bricks,921,1988796.47664,USD,,,,,,
FOR,ForTube,922,2168998.5,USD,1.6144137715738305,0.7135530482094278,97.67203318021674,2.8586718993890203,0.6600365695937207,96.48129153101725
TABOO,TABOO TOKEN,923,2018655.621808,USD,,,,,,
DUST,DUST Protocol,924,1975178.27935,USD,,,,,,
COVAL,Circuits of Value,925,1998537.195585257,USD,,,,,,
AKRO,Akropolis,926,1891156.1652354083,USD,0.11062529631775798,0.23705420639519567,99.65232049728705,6.695464362850973,0.19491123636938312,93.10962440077965
MLT,MILC Platform,927,1811232.3207580103,USD,,,,,,
VEXT,Veloce,928,1720023.767590473,USD,,,,,,
FSN,Fusion,929,1669071.7715110711,USD,59.49694405265632,0,40.503055947343675,61.27174424071462,0,38.72825575928538
OAX,OAX,930,1669721.627587749,USD,22.794434084062544,0.24386745086788122,76.96169846506957,30.598192511834743,0.27255773920527904,69.12924974895998
GMMT,Giant Mammoth,931,1529082.6691096,USD,,,,,,
SOLVE,SOLVE,932,1455909.9645335001,USD,2.595788242176075,0.11699327288680901,97.28721848493713,6.390757531441942,0.0804328751096812,93.52880959344839
RMRK,RMRK,933,1557824.9669511986,USD,,,,,,
WSM,Wall Street Memes,934,1340913.494713556,USD,,,,,,
PLANET,PLANET,935,1335158.745,USD,,,,,,
TAMA,Tamadoge,936,1223628.86339361,USD,,,,,,
AGLA,Angola,937,1167895.3800000001,USD,,,,,,
GFT,Gifto,938,1192870.2713921142,USD,,,,,,
VEGA,Vega Protocol,939,1054553.072468,USD,,,,,,
WOZX,Efforce,940,1154690.3552237952,USD,,,,,,
HVH,HAVAH,941,1116769.4350998001,USD,,,,,,
OOKI,Ooki Protocol,942,1098665.3159999999,USD,,,,,,
YOOSHI,YooShi,943,1049580.4063130373,USD,,,,,,
ZKB,ZKBase,944,938610.0160000001,USD,,,,,,
MULTI,Multichain,945,899148.5204866555,USD,5.27866437515345,15.860545052786643,78.8607905720599,9.256076602013257,14.608396759145592,76.13552663884114
SSG,SOMESING,946,767190.3303896,USD,,,,,,
RBLS,Rebel Bots,947,691526.3210665,USD,,,,,,
GRV,Grove Coin,948,668274.2033805001,USD,,,,,,
NVIR,NvirWorld,949,484039.70780858,USD,,,,,,
THN,Throne,950,478358.9815746,USD,,,,,,
HSF,Hillstone Finance,951,453653.395636,USD,,,,,,
WAIT,Hourglass,952,397752.79622814554,USD,,,,,,
DREP,Drep [new],954,289930,USD,,,,,,
VTS,Veritise,955,329271.6145048,USD,,,,,,
PNT,pNetwork,956,279191.41080486716,USD,,,,,,
PERL,PERL.eco,957,186954.44555548,USD,3.853794199443782,0,96.14620580055622,10.806515693285657,0,89.19348430671434
CVTX,Carrieverse,958,175838.3638008,USD,,,,,,
ORB,OrbCity,959,155623.6773368823,USD,,,,,,
KALM,KALM,960,139330.80000000002,USD,,,,,,
PTS,Petals,961,40952.612499999996,USD,,,,,,
EVA,Evadore,962,26570.644924,USD,,,,,,
1000SATS,1000SATS,,,,,,,,,
FTM,Fantom,,,,32.81540559527254,5.06012645150626,62.124467953221206,36.59035497334601,3.9815694863424107,59.42807554031159